date,Aggravated Assault,Robbery,Larceny-Theft
2006-01-01,47,22,91
2006-01-02,19,26,85
2006-01-03,16,47,92
2006-01-04,20,28,130
2006-01-05,13,24,93
2006-01-06,18,30,99
2006-01-07,27,33,102
2006-01-08,14,32,84
2006-01-09,26,47,110
2006-01-10,29,19,96
2006-01-11,14,27,119
2006-01-12,18,32,108
2006-01-13,27,27,82
2006-01-14,33,32,77
2006-01-15,29,27,58
2006-01-16,21,31,116
2006-01-17,21,20,98
2006-01-18,22,22,88
2006-01-19,22,22,93
2006-01-20,28,28,102
2006-01-21,30,24,102
2006-01-22,29,41,83
2006-01-23,27,33,123
2006-01-24,37,29,110
2006-01-25,19,30,109
2006-01-26,20,17,85
2006-01-27,30,34,88
2006-01-28,23,24,87
2006-01-29,27,33,92
2006-01-30,27,25,121
2006-01-31,12,24,100
2006-02-01,19,28,111
2006-02-02,24,22,90
2006-02-03,24,29,107
2006-02-04,32,17,93
2006-02-05,31,26,90
2006-02-06,20,24,107
2006-02-07,22,25,87
2006-02-08,23,14,108
2006-02-09,25,25,79
2006-02-10,23,24,102
2006-02-11,15,21,75
2006-02-12,24,16,42
2006-02-13,14,29,81
2006-02-14,19,21,74
2006-02-15,23,21,78
2006-02-16,24,27,88
2006-02-17,26,35,76
2006-02-18,34,23,100
2006-02-19,45,21,59
2006-02-20,28,18,89
2006-02-21,14,30,76
2006-02-22,23,26,100
2006-02-23,23,25,88
2006-02-24,16,25,99
2006-02-25,29,22,89
2006-02-26,19,18,67
2006-02-27,21,24,98
2006-02-28,23,23,98
2006-03-01,25,28,99
2006-03-02,25,18,82
2006-03-03,22,22,72
2006-03-04,27,28,96
2006-03-05,26,26,83
2006-03-06,26,27,89
2006-03-07,19,21,85
2006-03-08,21,25,92
2006-03-09,36,32,93
2006-03-10,32,20,93
2006-03-11,38,26,96
2006-03-12,24,28,92
2006-03-13,26,26,110
2006-03-14,26,18,83
2006-03-15,21,18,74
2006-03-16,27,20,85
2006-03-17,24,33,109
2006-03-18,29,25,92
2006-03-19,25,24,91
2006-03-20,20,19,98
2006-03-21,29,27,96
2006-03-22,21,19,102
2006-03-23,30,20,120
2006-03-24,32,30,99
2006-03-25,33,28,81
2006-03-26,35,26,79
2006-03-27,27,26,115
2006-03-28,29,33,108
2006-03-29,50,18,94
2006-03-30,37,32,118
2006-03-31,39,33,91
2006-04-01,27,23,72
2006-04-02,29,10,79
2006-04-03,17,23,80
2006-04-04,16,34,107
2006-04-05,21,16,105
2006-04-06,39,25,89
2006-04-07,28,30,95
2006-04-08,25,32,80
2006-04-09,25,23,83
2006-04-10,26,24,106
2006-04-11,27,25,80
2006-04-12,28,26,104
2006-04-13,20,34,81
2006-04-14,34,28,89
2006-04-15,45,28,108
2006-04-16,33,24,82
2006-04-17,28,20,97
2006-04-18,44,21,82
2006-04-19,34,39,103
2006-04-20,30,28,100
2006-04-21,25,36,96
2006-04-22,28,26,68
2006-04-23,21,27,87
2006-04-24,29,33,124
2006-04-25,24,36,111
2006-04-26,18,21,119
2006-04-27,24,26,95
2006-04-28,37,43,102
2006-04-29,42,25,77
2006-04-30,49,30,83
2006-05-01,29,29,113
2006-05-02,34,29,121
2006-05-03,40,37,88
2006-05-04,28,18,102
2006-05-05,24,31,114
2006-05-06,30,27,96
2006-05-07,29,28,88
2006-05-08,23,27,113
2006-05-09,32,32,98
2006-05-10,40,34,105
2006-05-11,23,29,108
2006-05-12,19,34,119
2006-05-13,37,33,101
2006-05-14,28,31,95
2006-05-15,21,31,101
2006-05-16,27,32,123
2006-05-17,33,27,111
2006-05-18,31,28,119
2006-05-19,34,29,116
2006-05-20,27,19,90
2006-05-21,39,26,96
2006-05-22,42,32,139
2006-05-23,31,25,135
2006-05-24,31,34,118
2006-05-25,38,32,115
2006-05-26,26,25,122
2006-05-27,40,25,116
2006-05-28,52,28,107
2006-05-29,41,31,87
2006-05-30,27,35,124
2006-05-31,32,29,136
2006-06-01,18,29,71
2006-06-02,36,38,129
2006-06-03,36,26,122
2006-06-04,39,34,101
2006-06-05,31,53,147
2006-06-06,43,24,118
2006-06-07,15,24,124
2006-06-08,20,27,129
2006-06-09,31,35,118
2006-06-10,27,28,96
2006-06-11,39,34,95
2006-06-12,40,35,115
2006-06-13,26,21,111
2006-06-14,39,33,108
2006-06-15,31,26,118
2006-06-16,43,22,124
2006-06-17,22,27,104
2006-06-18,36,16,63
2006-06-19,29,25,112
2006-06-20,32,19,129
2006-06-21,36,26,125
2006-06-22,34,21,108
2006-06-23,35,33,118
2006-06-24,33,38,87
2006-06-25,28,32,104
2006-06-26,34,34,109
2006-06-27,18,31,133
2006-06-28,30,33,112
2006-06-29,34,42,106
2006-06-30,35,39,97
2006-07-01,26,30,87
2006-07-02,29,33,98
2006-07-03,25,27,103
2006-07-04,34,33,75
2006-07-05,30,20,118
2006-07-06,27,27,107
2006-07-07,31,27,120
2006-07-08,37,27,108
2006-07-09,29,34,97
2006-07-10,27,26,132
2006-07-11,44,31,116
2006-07-12,25,27,117
2006-07-13,20,21,107
2006-07-14,35,20,116
2006-07-15,40,30,85
2006-07-16,36,29,95
2006-07-17,20,33,134
2006-07-18,24,36,115
2006-07-19,26,23,148
2006-07-20,33,25,123
2006-07-21,32,30,112
2006-07-22,34,36,118
2006-07-23,44,30,98
2006-07-24,29,35,140
2006-07-25,32,33,144
2006-07-26,31,29,141
2006-07-27,27,22,142
2006-07-28,34,36,85
2006-07-29,34,38,106
2006-07-30,32,36,98
2006-07-31,37,30,139
2006-08-01,31,33,111
2006-08-02,24,33,103
2006-08-03,19,29,118
2006-08-04,23,25,90
2006-08-05,31,37,99
2006-08-06,43,29,94
2006-08-07,26,34,170
2006-08-08,33,24,111
2006-08-09,32,37,109
2006-08-10,36,30,117
2006-08-11,24,36,115
2006-08-12,37,38,84
2006-08-13,35,25,100
2006-08-14,29,27,127
2006-08-15,31,30,113
2006-08-16,34,25,139
2006-08-17,32,34,129
2006-08-18,23,19,140
2006-08-19,34,36,101
2006-08-20,41,31,80
2006-08-21,37,35,133
2006-08-22,33,31,114
2006-08-23,39,35,140
2006-08-24,22,28,135
2006-08-25,27,29,97
2006-08-26,29,28,103
2006-08-27,32,35,115
2006-08-28,24,36,134
2006-08-29,38,32,122
2006-08-30,27,30,121
2006-08-31,33,27,142
2006-09-01,15,22,106
2006-09-02,18,25,109
2006-09-03,35,34,117
2006-09-04,38,19,110
2006-09-05,31,32,131
2006-09-06,27,23,135
2006-09-07,24,31,119
2006-09-08,32,29,135
2006-09-09,27,29,114
2006-09-10,40,18,121
2006-09-11,26,26,144
2006-09-12,26,18,131
2006-09-13,31,24,121
2006-09-14,25,27,123
2006-09-15,33,35,126
2006-09-16,42,33,102
2006-09-17,51,36,119
2006-09-18,39,21,115
2006-09-19,22,31,134
2006-09-20,27,32,130
2006-09-21,34,25,110
2006-09-22,32,34,117
2006-09-23,34,26,96
2006-09-24,35,31,117
2006-09-25,32,29,138
2006-09-26,29,27,123
2006-09-27,30,31,123
2006-09-28,31,29,139
2006-09-29,22,27,132
2006-09-30,30,29,116
2006-10-01,42,28,95
2006-10-02,25,31,125
2006-10-03,37,31,115
2006-10-04,26,44,105
2006-10-05,29,26,123
2006-10-06,33,30,114
2006-10-07,30,47,115
2006-10-08,37,33,108
2006-10-09,22,36,130
2006-10-10,21,24,134
2006-10-11,36,29,110
2006-10-12,37,36,128
2006-10-13,32,40,119
2006-10-14,20,32,139
2006-10-15,26,36,111
2006-10-16,26,36,110
2006-10-17,23,37,131
2006-10-18,26,27,130
2006-10-19,18,36,147
2006-10-20,29,33,135
2006-10-21,26,37,114
2006-10-22,53,39,95
2006-10-23,26,49,140
2006-10-24,24,36,125
2006-10-25,19,39,108
2006-10-26,22,28,131
2006-10-27,19,38,109
2006-10-28,40,30,146
2006-10-29,35,40,115
2006-10-30,24,40,131
2006-10-31,40,27,121
2006-11-01,35,37,107
2006-11-02,34,29,141
2006-11-03,27,33,106
2006-11-04,24,26,90
2006-11-05,24,34,90
2006-11-06,27,40,130
2006-11-07,32,42,103
2006-11-08,23,29,106
2006-11-09,25,26,119
2006-11-10,27,38,107
2006-11-11,29,39,98
2006-11-12,30,50,113
2006-11-13,19,30,110
2006-11-14,16,40,120
2006-11-15,31,37,108
2006-11-16,24,40,128
2006-11-17,21,35,124
2006-11-18,25,31,125
2006-11-19,29,40,93
2006-11-20,25,39,114
2006-11-21,38,27,99
2006-11-22,24,32,103
2006-11-23,22,17,58
2006-11-24,23,37,108
2006-11-25,31,37,112
2006-11-26,30,47,96
2006-11-27,25,37,124
2006-11-28,17,36,132
2006-11-29,26,35,111
2006-11-30,25,34,125
2006-12-01,29,29,121
2006-12-02,28,34,127
2006-12-03,23,33,106
2006-12-04,25,28,127
2006-12-05,13,39,108
2006-12-06,27,31,111
2006-12-07,29,41,98
2006-12-08,20,40,92
2006-12-09,31,31,108
2006-12-10,24,33,91
2006-12-11,21,39,117
2006-12-12,22,26,125
2006-12-13,23,22,128
2006-12-14,22,30,98
2006-12-15,21,31,127
2006-12-16,33,33,97
2006-12-17,27,31,93
2006-12-18,37,36,137
2006-12-19,25,21,108
2006-12-20,24,38,116
2006-12-21,26,23,126
2006-12-22,14,39,121
2006-12-23,15,29,101
2006-12-24,24,23,89
2006-12-25,15,18,44
2006-12-26,22,33,115
2006-12-27,42,31,105
2006-12-28,25,28,125
2006-12-29,25,28,90
2006-12-30,34,32,98
2006-12-31,29,26,88
2007-01-01,33,38,76
2007-01-02,25,32,131
2007-01-03,18,29,85
2007-01-04,29,32,108
2007-01-05,26,44,96
2007-01-06,38,45,126
2007-01-07,26,30,89
2007-01-08,18,33,118
2007-01-09,20,30,113
2007-01-10,15,29,111
2007-01-11,18,33,114
2007-01-12,23,36,107
2007-01-13,23,42,103
2007-01-14,23,30,100
2007-01-15,22,21,108
2007-01-16,15,35,118
2007-01-17,20,23,89
2007-01-18,27,21,75
2007-01-19,17,37,113
2007-01-20,30,28,99
2007-01-21,17,30,65
2007-01-22,25,30,96
2007-01-23,27,36,113
2007-01-24,20,35,95
2007-01-25,16,29,100
2007-01-26,17,19,104
2007-01-27,12,34,79
2007-01-28,26,31,85
2007-01-29,13,18,95
2007-01-30,22,35,91
2007-01-31,21,36,99
2007-02-01,30,18,99
2007-02-02,19,31,81
2007-02-03,24,21,77
2007-02-04,14,25,86
2007-02-05,20,31,81
2007-02-06,17,16,92
2007-02-07,14,15,85
2007-02-08,17,21,84
2007-02-09,22,23,88
2007-02-10,23,37,86
2007-02-11,22,18,61
2007-02-12,20,20,90
2007-02-13,17,27,85
2007-02-14,21,16,51
2007-02-15,11,18,60
2007-02-16,17,18,76
2007-02-17,19,30,62
2007-02-18,28,31,71
2007-02-19,22,25,67
2007-02-20,10,25,83
2007-02-21,24,27,92
2007-02-22,21,19,90
2007-02-23,25,30,87
2007-02-24,29,15,76
2007-02-25,28,21,104
2007-02-26,17,12,90
2007-02-27,19,30,94
2007-02-28,26,21,95
2007-03-01,28,22,98
2007-03-02,28,30,85
2007-03-03,32,24,111
2007-03-04,28,23,89
2007-03-05,27,24,102
2007-03-06,31,19,88
2007-03-07,14,23,75
2007-03-08,20,17,84
2007-03-09,24,23,105
2007-03-10,26,33,83
2007-03-11,24,27,89
2007-03-12,27,31,112
2007-03-13,26,22,113
2007-03-14,30,18,98
2007-03-15,29,22,99
2007-03-16,11,14,77
2007-03-17,17,18,64
2007-03-18,26,12,73
2007-03-19,27,27,79
2007-03-20,15,21,106
2007-03-21,23,31,93
2007-03-22,23,16,96
2007-03-23,27,29,120
2007-03-24,23,28,92
2007-03-25,38,28,97
2007-03-26,24,24,122
2007-03-27,20,29,115
2007-03-28,27,23,113
2007-03-29,23,26,115
2007-03-30,39,27,97
2007-03-31,41,22,93
2007-04-01,29,31,83
2007-04-02,21,28,127
2007-04-03,22,21,121
2007-04-04,19,18,105
2007-04-05,15,24,123
2007-04-06,20,21,111
2007-04-07,26,28,107
2007-04-08,25,32,61
2007-04-09,16,31,113
2007-04-10,28,21,79
2007-04-11,25,18,100
2007-04-12,27,23,121
2007-04-13,34,37,106
2007-04-14,29,24,98
2007-04-15,27,25,74
2007-04-16,20,15,99
2007-04-17,14,24,95
2007-04-18,31,26,119
2007-04-19,26,24,116
2007-04-20,36,28,97
2007-04-21,41,22,97
2007-04-22,35,24,100
2007-04-23,23,24,123
2007-04-24,35,24,110
2007-04-25,38,20,113
2007-04-26,24,22,130
2007-04-27,22,28,110
2007-04-28,27,32,103
2007-04-29,28,24,133
2007-04-30,28,21,121
2007-05-01,32,28,127
2007-05-02,32,23,117
2007-05-03,30,24,114
2007-05-04,38,39,120
2007-05-05,28,36,96
2007-05-06,32,34,113
2007-05-07,27,15,128
2007-05-08,28,21,107
2007-05-09,24,25,126
2007-05-10,27,29,119
2007-05-11,46,35,128
2007-05-12,45,29,100
2007-05-13,34,30,112
2007-05-14,25,35,138
2007-05-15,28,29,109
2007-05-16,24,22,92
2007-05-17,22,30,114
2007-05-18,25,34,134
2007-05-19,27,29,90
2007-05-20,29,14,96
2007-05-21,36,27,137
2007-05-22,31,21,113
2007-05-23,38,26,109
2007-05-24,25,29,117
2007-05-25,26,38,109
2007-05-26,32,28,107
2007-05-27,26,19,103
2007-05-28,29,27,103
2007-05-29,37,30,122
2007-05-30,33,27,138
2007-05-31,25,23,122
2007-06-01,27,25,116
2007-06-02,39,29,114
2007-06-03,44,24,100
2007-06-04,26,30,145
2007-06-05,33,31,127
2007-06-06,27,42,122
2007-06-07,26,39,122
2007-06-08,27,35,110
2007-06-09,36,40,92
2007-06-10,32,16,92
2007-06-11,20,23,130
2007-06-12,29,26,120
2007-06-13,21,33,112
2007-06-14,20,24,104
2007-06-15,30,25,117
2007-06-16,23,16,103
2007-06-17,45,36,98
2007-06-18,15,29,120
2007-06-19,26,26,132
2007-06-20,29,21,113
2007-06-21,27,21,122
2007-06-22,27,29,118
2007-06-23,35,18,107
2007-06-24,28,28,99
2007-06-25,29,27,124
2007-06-26,30,32,135
2007-06-27,33,30,124
2007-06-28,37,17,111
2007-06-29,38,28,110
2007-06-30,45,32,130
2007-07-01,26,28,100
2007-07-02,33,21,129
2007-07-03,15,21,125
2007-07-04,25,27,90
2007-07-05,25,42,115
2007-07-06,24,23,119
2007-07-07,42,35,105
2007-07-08,43,36,93
2007-07-09,30,22,111
2007-07-10,30,28,129
2007-07-11,42,35,128
2007-07-12,31,33,123
2007-07-13,25,33,125
2007-07-14,34,36,92
2007-07-15,28,22,99
2007-07-16,30,28,129
2007-07-17,21,37,110
2007-07-18,23,32,130
2007-07-19,29,33,133
2007-07-20,37,28,107
2007-07-21,52,27,100
2007-07-22,48,20,73
2007-07-23,28,38,139
2007-07-24,31,29,125
2007-07-25,21,39,128
2007-07-26,23,25,134
2007-07-27,21,28,122
2007-07-28,25,30,95
2007-07-29,35,25,82
2007-07-30,21,37,119
2007-07-31,22,36,124
2007-08-01,24,26,134
2007-08-02,26,37,120
2007-08-03,23,31,103
2007-08-04,37,26,76
2007-08-05,38,22,89
2007-08-06,26,22,112
2007-08-07,27,29,110
2007-08-08,22,38,123
2007-08-09,29,22,98
2007-08-10,22,20,102
2007-08-11,32,27,117
2007-08-12,25,23,107
2007-08-13,39,25,131
2007-08-14,27,26,118
2007-08-15,20,31,143
2007-08-16,24,23,110
2007-08-17,32,19,115
2007-08-18,24,30,100
2007-08-19,36,22,89
2007-08-20,16,25,133
2007-08-21,21,19,118
2007-08-22,21,30,115
2007-08-23,18,36,129
2007-08-24,22,25,131
2007-08-25,30,31,96
2007-08-26,20,24,101
2007-08-27,21,40,128
2007-08-28,18,43,142
2007-08-29,29,29,120
2007-08-30,16,38,96
2007-08-31,42,24,109
2007-09-01,35,32,115
2007-09-02,37,25,91
2007-09-03,41,23,79
2007-09-04,29,17,109
2007-09-05,24,27,113
2007-09-06,21,29,113
2007-09-07,25,33,98
2007-09-08,35,28,103
2007-09-09,28,36,98
2007-09-10,28,24,109
2007-09-11,26,34,110
2007-09-12,41,20,105
2007-09-13,25,30,103
2007-09-14,23,21,103
2007-09-15,36,36,88
2007-09-16,24,24,93
2007-09-17,24,30,106
2007-09-18,15,28,107
2007-09-19,22,30,125
2007-09-20,32,39,123
2007-09-21,16,31,119
2007-09-22,38,30,106
2007-09-23,35,27,101
2007-09-24,30,21,129
2007-09-25,25,27,127
2007-09-26,28,17,118
2007-09-27,29,33,116
2007-09-28,27,32,108
2007-09-29,38,34,118
2007-09-30,33,34,107
2007-10-01,23,37,119
2007-10-02,25,25,119
2007-10-03,29,32,138
2007-10-04,24,26,126
2007-10-05,24,23,106
2007-10-06,27,38,115
2007-10-07,33,25,92
2007-10-08,28,27,140
2007-10-09,22,29,114
2007-10-10,24,29,120
2007-10-11,24,33,108
2007-10-12,25,26,102
2007-10-13,30,20,88
2007-10-14,17,24,105
2007-10-15,18,23,114
2007-10-16,28,27,116
2007-10-17,24,23,137
2007-10-18,27,24,114
2007-10-19,27,36,109
2007-10-20,45,39,116
2007-10-21,39,38,113
2007-10-22,28,40,127
2007-10-23,29,18,115
2007-10-24,15,31,111
2007-10-25,25,29,105
2007-10-26,23,29,119
2007-10-27,25,46,117
2007-10-28,22,36,113
2007-10-29,24,24,121
2007-10-30,21,27,113
2007-10-31,27,34,105
2007-11-01,27,24,106
2007-11-02,31,30,92
2007-11-03,13,32,94
2007-11-04,17,24,103
2007-11-05,24,31,119
2007-11-06,13,22,121
2007-11-07,19,21,92
2007-11-08,23,29,101
2007-11-09,15,26,94
2007-11-10,25,24,111
2007-11-11,23,44,93
2007-11-12,23,28,126
2007-11-13,23,29,112
2007-11-14,20,41,129
2007-11-15,23,27,123
2007-11-16,22,31,131
2007-11-17,17,33,106
2007-11-18,18,30,93
2007-11-19,18,30,120
2007-11-20,17,28,139
2007-11-21,26,37,124
2007-11-22,34,14,87
2007-11-23,14,27,98
2007-11-24,24,20,90
2007-11-25,30,19,86
2007-11-26,25,36,110
2007-11-27,20,34,131
2007-11-28,17,26,117
2007-11-29,17,24,101
2007-11-30,24,26,101
2007-12-01,15,26,109
2007-12-02,17,24,83
2007-12-03,15,24,107
2007-12-04,20,23,115
2007-12-05,22,24,124
2007-12-06,17,22,78
2007-12-07,14,27,122
2007-12-08,24,27,115
2007-12-09,23,41,112
2007-12-10,23,26,139
2007-12-11,29,34,117
2007-12-12,15,35,135
2007-12-13,26,18,102
2007-12-14,17,32,109
2007-12-15,24,28,104
2007-12-16,24,21,103
2007-12-17,20,20,121
2007-12-18,24,30,118
2007-12-19,16,25,102
2007-12-20,23,31,98
2007-12-21,20,35,108
2007-12-22,25,24,104
2007-12-23,19,26,99
2007-12-24,20,28,108
2007-12-25,31,14,43
2007-12-26,15,20,102
2007-12-27,31,26,92
2007-12-28,19,22,115
2007-12-29,29,18,82
2007-12-30,21,24,87
2007-12-31,16,17,89
2008-01-01,41,19,69
2008-01-02,19,19,115
2008-01-03,16,27,87
2008-01-04,18,26,104
2008-01-05,23,24,94
2008-01-06,23,23,79
2008-01-07,21,28,124
2008-01-08,21,30,122
2008-01-09,21,26,115
2008-01-10,25,32,122
2008-01-11,22,32,91
2008-01-12,27,28,128
2008-01-13,31,24,82
2008-01-14,25,25,129
2008-01-15,30,27,112
2008-01-16,26,25,118
2008-01-17,18,19,116
2008-01-18,17,20,107
2008-01-19,28,32,94
2008-01-20,18,12,74
2008-01-21,9,13,109
2008-01-22,15,32,107
2008-01-23,18,27,108
2008-01-24,13,31,104
2008-01-25,23,31,112
2008-01-26,29,31,80
2008-01-27,23,24,105
2008-01-28,13,26,128
2008-01-29,21,25,100
2008-01-30,17,19,86
2008-01-31,21,25,104
2008-02-01,25,36,102
2008-02-02,19,22,74
2008-02-03,25,24,80
2008-02-04,28,26,122
2008-02-05,28,18,101
2008-02-06,27,19,108
2008-02-07,15,22,119
2008-02-08,18,32,102
2008-02-09,20,28,107
2008-02-10,23,24,89
2008-02-11,15,20,104
2008-02-12,11,13,75
2008-02-13,14,20,83
2008-02-14,22,26,108
2008-02-15,24,30,90
2008-02-16,26,18,102
2008-02-17,26,25,89
2008-02-18,19,13,91
2008-02-19,20,26,114
2008-02-20,21,24,104
2008-02-21,23,26,98
2008-02-22,18,21,80
2008-02-23,17,21,87
2008-02-24,37,27,104
2008-02-25,21,20,105
2008-02-26,26,18,112
2008-02-27,15,16,111
2008-02-28,30,16,95
2008-02-29,24,30,105
2008-03-01,28,22,98
2008-03-02,29,14,90
2008-03-03,22,18,106
2008-03-04,33,24,95
2008-03-05,21,27,111
2008-03-06,29,19,121
2008-03-07,21,20,100
2008-03-08,27,13,86
2008-03-09,26,14,100
2008-03-10,31,26,114
2008-03-11,30,26,119
2008-03-12,17,20,101
2008-03-13,22,27,95
2008-03-14,20,35,115
2008-03-15,48,26,90
2008-03-16,24,25,78
2008-03-17,21,24,122
2008-03-18,21,18,109
2008-03-19,19,25,86
2008-03-20,23,22,119
2008-03-21,18,30,85
2008-03-22,29,15,107
2008-03-23,19,22,55
2008-03-24,23,28,118
2008-03-25,17,18,113
2008-03-26,28,29,99
2008-03-27,13,32,98
2008-03-28,18,34,103
2008-03-29,19,21,82
2008-03-30,28,13,89
2008-03-31,24,20,104
2008-04-01,28,35,103
2008-04-02,45,24,97
2008-04-03,16,26,98
2008-04-04,18,31,114
2008-04-05,29,24,107
2008-04-06,34,26,90
2008-04-07,15,24,118
2008-04-08,28,27,114
2008-04-09,23,25,112
2008-04-10,41,19,97
2008-04-11,33,21,112
2008-04-12,31,30,114
2008-04-13,38,36,93
2008-04-14,17,29,106
2008-04-15,30,27,115
2008-04-16,21,16,120
2008-04-17,25,25,121
2008-04-18,16,30,118
2008-04-19,36,28,104
2008-04-20,25,32,84
2008-04-21,28,21,148
2008-04-22,18,23,105
2008-04-23,30,25,138
2008-04-24,30,14,111
2008-04-25,24,21,121
2008-04-26,23,29,102
2008-04-27,34,26,91
2008-04-28,28,20,101
2008-04-29,21,21,142
2008-04-30,18,18,141
2008-05-01,20,27,102
2008-05-02,21,28,101
2008-05-03,29,23,92
2008-05-04,27,19,91
2008-05-05,26,26,112
2008-05-06,19,22,94
2008-05-07,22,26,125
2008-05-08,26,23,140
2008-05-09,25,33,93
2008-05-10,18,18,102
2008-05-11,36,20,83
2008-05-12,18,20,119
2008-05-13,30,26,108
2008-05-14,30,30,97
2008-05-15,29,23,118
2008-05-16,20,24,93
2008-05-17,26,18,81
2008-05-18,39,38,95
2008-05-19,15,25,107
2008-05-20,19,22,103
2008-05-21,22,30,103
2008-05-22,18,23,122
2008-05-23,21,21,133
2008-05-24,27,20,103
2008-05-25,37,22,87
2008-05-26,32,17,92
2008-05-27,46,26,134
2008-05-28,25,26,122
2008-05-29,27,23,126
2008-05-30,22,32,117
2008-05-31,41,30,86
2008-06-01,38,27,106
2008-06-02,29,26,133
2008-06-03,30,12,127
2008-06-04,29,22,129
2008-06-05,25,18,117
2008-06-06,32,27,137
2008-06-07,40,26,107
2008-06-08,36,19,89
2008-06-09,34,29,142
2008-06-10,39,29,126
2008-06-11,34,22,125
2008-06-12,39,22,124
2008-06-13,32,24,113
2008-06-14,39,21,101
2008-06-15,40,33,113
2008-06-16,23,33,138
2008-06-17,32,22,142
2008-06-18,24,23,118
2008-06-19,35,27,140
2008-06-20,27,31,145
2008-06-21,33,21,89
2008-06-22,34,19,98
2008-06-23,24,35,124
2008-06-24,24,28,138
2008-06-25,29,29,133
2008-06-26,24,25,137
2008-06-27,31,28,119
2008-06-28,36,35,125
2008-06-29,44,30,116
2008-06-30,31,29,141
2008-07-01,26,25,141
2008-07-02,35,18,128
2008-07-03,27,30,96
2008-07-04,36,10,74
2008-07-05,38,23,125
2008-07-06,26,25,95
2008-07-07,25,36,125
2008-07-08,21,22,143
2008-07-09,36,31,119
2008-07-10,23,26,134
2008-07-11,27,26,114
2008-07-12,34,27,125
2008-07-13,29,32,79
2008-07-14,23,25,127
2008-07-15,24,25,152
2008-07-16,23,25,114
2008-07-17,21,27,143
2008-07-18,38,23,126
2008-07-19,38,34,110
2008-07-20,54,23,90
2008-07-21,25,19,117
2008-07-22,35,31,126
2008-07-23,21,21,107
2008-07-24,32,27,115
2008-07-25,22,27,109
2008-07-26,45,18,123
2008-07-27,31,28,126
2008-07-28,26,22,132
2008-07-29,33,30,144
2008-07-30,42,31,122
2008-07-31,38,25,123
2008-08-01,30,30,136
2008-08-02,38,27,89
2008-08-03,36,18,96
2008-08-04,25,24,139
2008-08-05,36,22,139
2008-08-06,26,22,129
2008-08-07,25,32,149
2008-08-08,37,30,115
2008-08-09,35,19,105
2008-08-10,33,25,77
2008-08-11,19,26,143
2008-08-12,22,26,145
2008-08-13,31,19,114
2008-08-14,22,16,115
2008-08-15,22,21,109
2008-08-16,42,34,97
2008-08-17,31,31,106
2008-08-18,33,21,134
2008-08-19,38,27,141
2008-08-20,20,24,147
2008-08-21,26,20,120
2008-08-22,25,29,128
2008-08-23,26,16,101
2008-08-24,32,26,97
2008-08-25,23,37,143
2008-08-26,40,28,135
2008-08-27,31,40,133
2008-08-28,15,23,119
2008-08-29,17,34,111
2008-08-30,43,28,78
2008-08-31,43,26,92
2008-09-01,25,35,115
2008-09-02,27,24,137
2008-09-03,26,29,151
2008-09-04,20,27,107
2008-09-05,26,24,101
2008-09-06,33,28,96
2008-09-07,22,22,112
2008-09-08,20,30,136
2008-09-09,19,22,145
2008-09-10,28,28,115
2008-09-11,23,23,117
2008-09-12,21,30,132
2008-09-13,24,28,91
2008-09-14,34,31,108
2008-09-15,30,25,128
2008-09-16,38,24,136
2008-09-17,35,30,107
2008-09-18,36,33,128
2008-09-19,30,33,119
2008-09-20,38,32,119
2008-09-21,54,30,108
2008-09-22,24,33,140
2008-09-23,29,30,111
2008-09-24,41,26,111
2008-09-25,17,36,113
2008-09-26,32,29,131
2008-09-27,31,25,139
2008-09-28,33,34,119
2008-09-29,24,18,111
2008-09-30,30,20,109
2008-10-01,25,36,115
2008-10-02,30,22,123
2008-10-03,25,27,119
2008-10-04,34,29,89
2008-10-05,29,35,105
2008-10-06,19,42,127
2008-10-07,21,25,122
2008-10-08,39,26,126
2008-10-09,31,25,118
2008-10-10,18,22,111
2008-10-11,29,25,106
2008-10-12,28,28,95
2008-10-13,34,23,141
2008-10-14,43,30,138
2008-10-15,24,32,130
2008-10-16,36,31,143
2008-10-17,34,33,131
2008-10-18,36,43,106
2008-10-19,21,29,102
2008-10-20,32,29,114
2008-10-21,28,25,114
2008-10-22,23,29,118
2008-10-23,22,32,128
2008-10-24,24,22,114
2008-10-25,33,33,112
2008-10-26,36,37,92
2008-10-27,25,39,122
2008-10-28,21,32,106
2008-10-29,20,20,99
2008-10-30,47,36,142
2008-10-31,25,35,93
2008-11-01,28,37,106
2008-11-02,36,32,90
2008-11-03,27,35,130
2008-11-04,23,28,116
2008-11-05,18,39,119
2008-11-06,20,39,126
2008-11-07,27,31,114
2008-11-08,16,23,110
2008-11-09,22,20,100
2008-11-10,13,34,139
2008-11-11,24,38,126
2008-11-12,25,27,122
2008-11-13,20,36,95
2008-11-14,24,34,109
2008-11-15,35,23,116
2008-11-16,28,25,100
2008-11-17,16,44,113
2008-11-18,14,28,98
2008-11-19,18,29,108
2008-11-20,18,33,95
2008-11-21,23,29,118
2008-11-22,16,19,96
2008-11-23,25,27,90
2008-11-24,26,34,140
2008-11-25,22,23,103
2008-11-26,17,29,113
2008-11-27,30,23,67
2008-11-28,21,26,105
2008-11-29,25,25,106
2008-11-30,23,26,82
2008-12-01,36,28,132
2008-12-02,19,22,106
2008-12-03,25,40,93
2008-12-04,19,15,125
2008-12-05,32,32,102
2008-12-06,26,32,116
2008-12-07,22,19,106
2008-12-08,24,34,125
2008-12-09,24,28,119
2008-12-10,39,37,115
2008-12-11,19,27,113
2008-12-12,21,38,108
2008-12-13,28,28,104
2008-12-14,26,28,89
2008-12-15,20,23,130
2008-12-16,35,31,140
2008-12-17,27,27,131
2008-12-18,23,28,110
2008-12-19,31,29,109
2008-12-20,17,26,107
2008-12-21,16,33,70
2008-12-22,17,18,97
2008-12-23,18,33,114
2008-12-24,26,26,87
2008-12-25,27,20,45
2008-12-26,29,31,100
2008-12-27,38,34,75
2008-12-28,19,34,90
2008-12-29,18,34,101
2008-12-30,26,34,101
2008-12-31,20,21,65
2009-01-01,44,26,76
2009-01-02,28,35,98
2009-01-03,21,32,69
2009-01-04,26,34,86
2009-01-05,13,36,114
2009-01-06,17,22,107
2009-01-07,26,35,98
2009-01-08,12,25,91
2009-01-09,24,29,109
2009-01-10,25,20,87
2009-01-11,20,26,77
2009-01-12,15,21,89
2009-01-13,23,38,82
2009-01-14,18,30,97
2009-01-15,16,25,95
2009-01-16,24,30,76
2009-01-17,23,29,74
2009-01-18,19,30,74
2009-01-19,20,28,84
2009-01-20,17,23,100
2009-01-21,15,23,98
2009-01-22,22,24,87
2009-01-23,25,36,116
2009-01-24,27,17,78
2009-01-25,24,24,65
2009-01-26,13,21,93
2009-01-27,22,29,97
2009-01-28,13,19,72
2009-01-29,12,20,96
2009-01-30,19,35,81
2009-01-31,22,16,80
2009-02-01,31,21,75
2009-02-02,22,19,111
2009-02-03,16,34,93
2009-02-04,9,19,76
2009-02-05,13,24,81
2009-02-06,17,22,81
2009-02-07,16,19,86
2009-02-08,20,20,77
2009-02-09,26,20,100
2009-02-10,14,23,108
2009-02-11,15,22,98
2009-02-12,17,20,106
2009-02-13,30,21,99
2009-02-14,27,20,83
2009-02-15,21,26,83
2009-02-16,19,18,108
2009-02-17,12,30,93
2009-02-18,25,26,77
2009-02-19,22,30,83
2009-02-20,16,16,93
2009-02-21,26,21,86
2009-02-22,26,19,79
2009-02-23,17,21,99
2009-02-24,20,18,79
2009-02-25,18,21,108
2009-02-26,18,20,81
2009-02-27,23,20,92
2009-02-28,31,25,87
2009-03-01,29,24,76
2009-03-02,20,8,65
2009-03-03,12,18,73
2009-03-04,17,22,76
2009-03-05,24,23,97
2009-03-06,28,27,90
2009-03-07,29,25,99
2009-03-08,31,29,82
2009-03-09,22,25,117
2009-03-10,17,26,108
2009-03-11,23,24,98
2009-03-12,13,24,108
2009-03-13,23,24,98
2009-03-14,35,27,102
2009-03-15,34,18,100
2009-03-16,24,29,97
2009-03-17,23,17,87
2009-03-18,31,21,101
2009-03-19,21,19,91
2009-03-20,27,22,99
2009-03-21,20,21,98
2009-03-22,28,16,91
2009-03-23,27,14,110
2009-03-24,20,12,91
2009-03-25,17,26,119
2009-03-26,23,17,104
2009-03-27,29,18,95
2009-03-28,26,25,103
2009-03-29,32,15,84
2009-03-30,18,15,126
2009-03-31,22,26,108
2009-04-01,19,30,94
2009-04-02,36,24,107
2009-04-03,23,16,98
2009-04-04,12,18,92
2009-04-05,42,27,94
2009-04-06,20,29,121
2009-04-07,19,20,109
2009-04-08,15,21,83
2009-04-09,18,18,99
2009-04-10,28,37,117
2009-04-11,27,29,77
2009-04-12,25,24,52
2009-04-13,31,22,103
2009-04-14,22,15,95
2009-04-15,17,24,83
2009-04-16,25,29,89
2009-04-17,29,22,109
2009-04-18,25,24,109
2009-04-19,26,28,98
2009-04-20,20,19,97
2009-04-21,26,23,110
2009-04-22,35,27,118
2009-04-23,28,28,115
2009-04-24,28,17,98
2009-04-25,29,19,95
2009-04-26,33,23,89
2009-04-27,29,24,98
2009-04-28,31,20,91
2009-04-29,20,32,103
2009-04-30,27,20,108
2009-05-01,25,34,102
2009-05-02,28,17,100
2009-05-03,21,23,71
2009-05-04,20,32,114
2009-05-05,16,28,125
2009-05-06,16,26,129
2009-05-07,26,24,116
2009-05-08,29,18,100
2009-05-09,26,25,101
2009-05-10,39,21,108
2009-05-11,17,28,126
2009-05-12,35,34,115
2009-05-13,34,28,99
2009-05-14,26,16,95
2009-05-15,22,19,95
2009-05-16,47,19,106
2009-05-17,36,23,85
2009-05-18,28,22,110
2009-05-19,32,39,119
2009-05-20,25,17,133
2009-05-21,31,19,116
2009-05-22,26,26,103
2009-05-23,32,18,104
2009-05-24,29,27,97
2009-05-25,32,27,80
2009-05-26,28,18,112
2009-05-27,21,19,101
2009-05-28,23,24,110
2009-05-29,16,36,103
2009-05-30,25,22,93
2009-05-31,24,26,85
2009-06-01,21,28,130
2009-06-02,27,28,117
2009-06-03,18,18,107
2009-06-04,22,25,116
2009-06-05,26,21,116
2009-06-06,22,24,109
2009-06-07,33,20,107
2009-06-08,27,22,121
2009-06-09,23,18,128
2009-06-10,26,21,125
2009-06-11,29,28,129
2009-06-12,29,23,124
2009-06-13,35,30,101
2009-06-14,33,28,90
2009-06-15,31,29,125
2009-06-16,20,18,125
2009-06-17,12,26,110
2009-06-18,17,19,117
2009-06-19,35,26,110
2009-06-20,24,19,96
2009-06-21,39,24,81
2009-06-22,27,33,118
2009-06-23,32,27,108
2009-06-24,28,21,116
2009-06-25,24,22,108
2009-06-26,32,27,100
2009-06-27,36,22,99
2009-06-28,18,19,87
2009-06-29,15,23,120
2009-06-30,21,23,113
2009-07-01,30,23,111
2009-07-02,23,14,116
2009-07-03,29,22,92
2009-07-04,42,22,67
2009-07-05,36,21,69
2009-07-06,24,23,116
2009-07-07,21,28,129
2009-07-08,18,26,108
2009-07-09,28,19,122
2009-07-10,24,25,111
2009-07-11,28,19,84
2009-07-12,25,21,89
2009-07-13,25,14,139
2009-07-14,17,35,118
2009-07-15,36,13,117
2009-07-16,26,27,102
2009-07-17,22,19,110
2009-07-18,29,22,102
2009-07-19,38,29,89
2009-07-20,34,19,136
2009-07-21,32,27,112
2009-07-22,33,27,128
2009-07-23,34,26,115
2009-07-24,24,27,94
2009-07-25,50,24,96
2009-07-26,31,28,93
2009-07-27,26,18,124
2009-07-28,24,25,123
2009-07-29,26,26,105
2009-07-30,31,26,115
2009-07-31,29,30,118
2009-08-01,27,22,100
2009-08-02,36,24,91
2009-08-03,25,28,139
2009-08-04,36,32,117
2009-08-05,18,27,116
2009-08-06,32,30,132
2009-08-07,26,21,113
2009-08-08,29,33,94
2009-08-09,31,28,105
2009-08-10,26,22,142
2009-08-11,23,21,108
2009-08-12,21,36,116
2009-08-13,27,34,118
2009-08-14,27,25,115
2009-08-15,36,20,89
2009-08-16,47,19,93
2009-08-17,26,28,110
2009-08-18,13,33,144
2009-08-19,17,29,108
2009-08-20,23,32,122
2009-08-21,32,29,114
2009-08-22,37,26,107
2009-08-23,28,22,98
2009-08-24,28,22,133
2009-08-25,21,28,141
2009-08-26,24,25,133
2009-08-27,22,28,141
2009-08-28,29,37,109
2009-08-29,18,30,109
2009-08-30,28,29,110
2009-08-31,22,34,154
2009-09-01,22,21,144
2009-09-02,19,25,121
2009-09-03,21,28,133
2009-09-04,23,32,134
2009-09-05,28,18,104
2009-09-06,26,27,80
2009-09-07,32,23,97
2009-09-08,33,24,144
2009-09-09,18,26,107
2009-09-10,20,37,111
2009-09-11,17,19,97
2009-09-12,32,31,98
2009-09-13,31,25,96
2009-09-14,29,36,133
2009-09-15,27,20,117
2009-09-16,23,33,131
2009-09-17,18,28,112
2009-09-18,31,36,101
2009-09-19,30,32,110
2009-09-20,37,26,103
2009-09-21,32,31,113
2009-09-22,28,24,118
2009-09-23,25,23,96
2009-09-24,30,23,122
2009-09-25,24,30,137
2009-09-26,31,25,110
2009-09-27,21,29,82
2009-09-28,17,29,128
2009-09-29,16,33,129
2009-09-30,26,27,103
2009-10-01,28,36,117
2009-10-02,25,21,110
2009-10-03,29,20,98
2009-10-04,40,17,105
2009-10-05,12,28,117
2009-10-06,18,20,113
2009-10-07,23,35,117
2009-10-08,21,12,110
2009-10-09,18,32,120
2009-10-10,31,29,134
2009-10-11,26,17,103
2009-10-12,17,22,114
2009-10-13,16,29,124
2009-10-14,21,24,116
2009-10-15,18,24,103
2009-10-16,23,22,117
2009-10-17,15,33,99
2009-10-18,14,29,86
2009-10-19,17,24,121
2009-10-20,21,26,113
2009-10-21,17,26,105
2009-10-22,19,27,110
2009-10-23,23,33,113
2009-10-24,17,31,112
2009-10-25,50,21,105
2009-10-26,34,24,138
2009-10-27,16,19,115
2009-10-28,16,25,98
2009-10-29,24,20,118
2009-10-30,30,30,103
2009-10-31,32,20,107
2009-11-01,29,31,98
2009-11-02,25,30,122
2009-11-03,11,32,98
2009-11-04,25,24,103
2009-11-05,23,23,106
2009-11-06,21,19,94
2009-11-07,26,21,82
2009-11-08,17,22,101
2009-11-09,33,23,108
2009-11-10,28,23,119
2009-11-11,16,24,119
2009-11-12,15,21,121
2009-11-13,19,28,120
2009-11-14,25,24,126
2009-11-15,19,26,113
2009-11-16,27,24,129
2009-11-17,20,30,146
2009-11-18,28,17,116
2009-11-19,22,27,121
2009-11-20,16,34,120
2009-11-21,20,24,101
2009-11-22,14,21,75
2009-11-23,15,37,99
2009-11-24,25,26,105
2009-11-25,13,26,98
2009-11-26,19,9,55
2009-11-27,21,28,89
2009-11-28,17,26,98
2009-11-29,18,35,96
2009-11-30,17,31,114
2009-12-01,21,33,95
2009-12-02,22,31,116
2009-12-03,12,21,114
2009-12-04,33,33,133
2009-12-05,25,34,97
2009-12-06,16,14,88
2009-12-07,23,33,106
2009-12-08,22,15,108
2009-12-09,22,35,109
2009-12-10,22,24,103
2009-12-11,22,17,103
2009-12-12,26,20,113
2009-12-13,22,24,89
2009-12-14,14,27,128
2009-12-15,27,35,103
2009-12-16,24,32,136
2009-12-17,21,29,88
2009-12-18,21,34,114
2009-12-19,17,15,53
2009-12-20,11,11,54
2009-12-21,16,13,78
2009-12-22,8,26,90
2009-12-23,17,23,100
2009-12-24,35,27,66
2009-12-25,22,9,38
2009-12-26,21,18,67
2009-12-27,22,19,90
2009-12-28,16,39,111
2009-12-29,16,28,102
2009-12-30,15,20,101
2009-12-31,21,27,82
2010-01-01,38,21,79
2010-01-02,21,21,88
2010-01-03,17,14,78
2010-01-04,9,15,104
2010-01-05,30,22,91
2010-01-06,14,28,100
2010-01-07,25,33,109
2010-01-08,39,26,84
2010-01-09,22,29,86
2010-01-10,25,20,60
2010-01-11,18,21,100
2010-01-12,14,25,109
2010-01-13,18,18,85
2010-01-14,16,23,103
2010-01-15,25,37,88
2010-01-16,13,24,82
2010-01-17,18,14,84
2010-01-18,20,17,112
2010-01-19,15,36,110
2010-01-20,23,31,93
2010-01-21,33,14,101
2010-01-22,15,29,107
2010-01-23,20,26,88
2010-01-24,29,20,87
2010-01-25,21,27,120
2010-01-26,17,21,110
2010-01-27,17,21,107
2010-01-28,15,18,88
2010-01-29,16,20,85
2010-01-30,26,15,95
2010-01-31,19,17,82
2010-02-01,15,16,86
2010-02-02,21,13,100
2010-02-03,20,25,99
2010-02-04,22,23,93
2010-02-05,24,27,86
2010-02-06,15,16,29
2010-02-07,14,10,58
2010-02-08,16,18,74
2010-02-09,11,18,70
2010-02-10,9,9,18
2010-02-11,10,8,54
2010-02-12,14,12,46
2010-02-13,26,14,60
2010-02-14,21,18,67
2010-02-15,10,14,57
2010-02-16,12,11,81
2010-02-17,22,18,72
2010-02-18,13,19,93
2010-02-19,16,19,105
2010-02-20,25,20,88
2010-02-21,32,15,79
2010-02-22,23,22,101
2010-02-23,17,22,90
2010-02-24,17,18,97
2010-02-25,20,15,93
2010-02-26,10,12,84
2010-02-27,20,23,76
2010-02-28,22,9,79
2010-03-01,16,30,89
2010-03-02,22,16,101
2010-03-03,26,27,95
2010-03-04,12,21,107
2010-03-05,17,28,90
2010-03-06,26,22,80
2010-03-07,23,15,99
2010-03-08,29,20,85
2010-03-09,36,13,84
2010-03-10,26,26,103
2010-03-11,23,22,98
2010-03-12,19,11,95
2010-03-13,24,15,75
2010-03-14,17,15,73
2010-03-15,18,18,107
2010-03-16,17,15,85
2010-03-17,19,13,89
2010-03-18,28,17,100
2010-03-19,24,22,101
2010-03-20,29,16,95
2010-03-21,31,14,112
2010-03-22,17,18,93
2010-03-23,16,10,114
2010-03-24,27,30,101
2010-03-25,27,26,99
2010-03-26,24,17,120
2010-03-27,30,24,102
2010-03-28,13,14,89
2010-03-29,20,25,118
2010-03-30,23,18,104
2010-03-31,32,21,103
2010-04-01,36,29,134
2010-04-02,35,22,91
2010-04-03,29,19,106
2010-04-04,17,17,71
2010-04-05,31,13,119
2010-04-06,28,20,89
2010-04-07,23,28,109
2010-04-08,26,20,116
2010-04-09,28,19,122
2010-04-10,25,15,102
2010-04-11,35,30,96
2010-04-12,23,24,122
2010-04-13,21,19,104
2010-04-14,30,25,100
2010-04-15,27,20,111
2010-04-16,27,27,119
2010-04-17,27,30,110
2010-04-18,18,17,97
2010-04-19,19,20,132
2010-04-20,29,29,133
2010-04-21,28,32,118
2010-04-22,22,22,100
2010-04-23,29,29,92
2010-04-24,26,20,101
2010-04-25,26,21,86
2010-04-26,31,35,121
2010-04-27,37,26,115
2010-04-28,17,28,115
2010-04-29,26,19,99
2010-04-30,34,16,113
2010-05-01,28,17,132
2010-05-02,38,19,95
2010-05-03,14,18,113
2010-05-04,35,28,139
2010-05-05,42,22,132
2010-05-06,29,24,105
2010-05-07,23,24,140
2010-05-08,31,21,95
2010-05-09,23,27,104
2010-05-10,22,24,131
2010-05-11,22,29,122
2010-05-12,16,20,103
2010-05-13,25,21,136
2010-05-14,27,22,119
2010-05-15,27,22,120
2010-05-16,33,29,115
2010-05-17,26,30,116
2010-05-18,20,24,126
2010-05-19,22,27,138
2010-05-20,18,17,108
2010-05-21,37,27,109
2010-05-22,44,33,99
2010-05-23,37,25,85
2010-05-24,30,24,122
2010-05-25,20,25,116
2010-05-26,37,19,106
2010-05-27,23,16,137
2010-05-28,18,23,157
2010-05-29,23,17,93
2010-05-30,42,22,79
2010-05-31,40,13,85
2010-06-01,24,23,119
2010-06-02,30,16,103
2010-06-03,22,22,99
2010-06-04,25,13,114
2010-06-05,30,25,112
2010-06-06,37,23,99
2010-06-07,25,30,136
2010-06-08,28,21,140
2010-06-09,27,22,132
2010-06-10,23,18,127
2010-06-11,26,29,123
2010-06-12,17,15,117
2010-06-13,22,27,82
2010-06-14,31,19,134
2010-06-15,26,17,134
2010-06-16,29,21,127
2010-06-17,29,22,139
2010-06-18,29,22,128
2010-06-19,32,19,101
2010-06-20,29,21,109
2010-06-21,38,20,138
2010-06-22,40,29,118
2010-06-23,23,19,159
2010-06-24,23,22,118
2010-06-25,19,19,144
2010-06-26,29,16,98
2010-06-27,28,21,120
2010-06-28,17,26,128
2010-06-29,31,18,156
2010-06-30,30,21,133
2010-07-01,17,24,134
2010-07-02,30,20,104
2010-07-03,33,17,99
2010-07-04,32,20,94
2010-07-05,32,27,108
2010-07-06,25,28,114
2010-07-07,23,23,135
2010-07-08,28,25,134
2010-07-09,19,21,123
2010-07-10,21,23,91
2010-07-11,41,28,113
2010-07-12,34,24,139
2010-07-13,24,23,117
2010-07-14,17,36,136
2010-07-15,34,28,127
2010-07-16,26,27,129
2010-07-17,34,30,109
2010-07-18,32,25,119
2010-07-19,28,28,154
2010-07-20,21,42,141
2010-07-21,27,21,118
2010-07-22,14,22,154
2010-07-23,31,37,125
2010-07-24,27,28,93
2010-07-25,24,32,95
2010-07-26,23,26,160
2010-07-27,41,17,127
2010-07-28,16,23,122
2010-07-29,30,14,132
2010-07-30,26,25,131
2010-07-31,29,25,103
2010-08-01,34,23,109
2010-08-02,28,25,137
2010-08-03,40,19,103
2010-08-04,26,27,139
2010-08-05,24,22,148
2010-08-06,22,33,114
2010-08-07,23,25,91
2010-08-08,34,28,104
2010-08-09,21,22,143
2010-08-10,32,17,135
2010-08-11,33,27,127
2010-08-12,24,17,120
2010-08-13,19,35,122
2010-08-14,21,23,93
2010-08-15,36,25,106
2010-08-16,26,27,132
2010-08-17,20,23,128
2010-08-18,22,30,122
2010-08-19,21,27,130
2010-08-20,26,28,153
2010-08-21,30,19,115
2010-08-22,26,25,79
2010-08-23,13,30,149
2010-08-24,37,22,135
2010-08-25,17,28,124
2010-08-26,28,37,144
2010-08-27,24,29,123
2010-08-28,40,17,104
2010-08-29,22,29,101
2010-08-30,17,22,164
2010-08-31,21,29,137
2010-09-01,25,25,117
2010-09-02,41,21,133
2010-09-03,29,18,122
2010-09-04,27,25,118
2010-09-05,29,14,85
2010-09-06,24,28,106
2010-09-07,24,24,134
2010-09-08,30,23,128
2010-09-09,23,21,115
2010-09-10,21,24,139
2010-09-11,35,23,126
2010-09-12,27,18,108
2010-09-13,21,15,139
2010-09-14,38,26,125
2010-09-15,20,24,127
2010-09-16,30,20,116
2010-09-17,29,24,123
2010-09-18,37,26,109
2010-09-19,41,28,102
2010-09-20,29,26,145
2010-09-21,25,27,125
2010-09-22,26,24,124
2010-09-23,24,22,120
2010-09-24,29,23,140
2010-09-25,32,23,109
2010-09-26,28,21,111
2010-09-27,22,31,151
2010-09-28,24,27,131
2010-09-29,35,28,141
2010-09-30,21,29,120
2010-10-01,14,28,125
2010-10-02,37,22,121
2010-10-03,22,23,110
2010-10-04,16,26,122
2010-10-05,13,23,111
2010-10-06,25,29,124
2010-10-07,31,28,108
2010-10-08,32,18,118
2010-10-09,25,27,90
2010-10-10,30,29,121
2010-10-11,28,25,113
2010-10-12,20,24,153
2010-10-13,26,24,130
2010-10-14,14,23,107
2010-10-15,16,34,128
2010-10-16,27,27,125
2010-10-17,31,23,125
2010-10-18,21,22,126
2010-10-19,20,28,114
2010-10-20,21,26,124
2010-10-21,20,20,127
2010-10-22,16,25,125
2010-10-23,21,19,120
2010-10-24,14,33,130
2010-10-25,23,42,159
2010-10-26,23,33,134
2010-10-27,27,27,100
2010-10-28,32,28,127
2010-10-29,25,25,119
2010-10-30,24,34,96
2010-10-31,31,20,106
2010-11-01,25,28,109
2010-11-02,10,23,110
2010-11-03,25,16,100
2010-11-04,13,22,98
2010-11-05,22,28,108
2010-11-06,31,23,96
2010-11-07,37,21,114
2010-11-08,18,20,117
2010-11-09,18,27,109
2010-11-10,20,25,131
2010-11-11,16,32,103
2010-11-12,28,24,121
2010-11-13,26,23,121
2010-11-14,32,17,89
2010-11-15,24,25,146
2010-11-16,20,26,97
2010-11-17,35,34,104
2010-11-18,20,34,113
2010-11-19,27,25,108
2010-11-20,26,33,124
2010-11-21,17,34,114
2010-11-22,38,30,138
2010-11-23,31,25,121
2010-11-24,24,26,128
2010-11-25,18,20,48
2010-11-26,11,22,106
2010-11-27,17,35,93
2010-11-28,30,26,83
2010-11-29,30,18,135
2010-11-30,13,32,124
2010-12-01,18,41,123
2010-12-02,19,20,108
2010-12-03,21,24,120
2010-12-04,14,23,98
2010-12-05,30,12,81
2010-12-06,16,33,109
2010-12-07,20,19,98
2010-12-08,18,21,127
2010-12-09,22,21,88
2010-12-10,22,26,109
2010-12-11,24,22,96
2010-12-12,17,17,100
2010-12-13,20,21,106
2010-12-14,28,21,98
2010-12-15,20,22,103
2010-12-16,13,20,88
2010-12-17,16,29,100
2010-12-18,19,31,86
2010-12-19,20,29,82
2010-12-20,14,12,110
2010-12-21,20,17,97
2010-12-22,22,19,121
2010-12-23,26,30,107
2010-12-24,21,19,85
2010-12-25,11,15,44
2010-12-26,16,14,49
2010-12-27,14,12,46
2010-12-28,23,16,72
2010-12-29,16,15,111
2010-12-30,26,20,92
2010-12-31,24,19,94
