"Tanggal","Terakhir","Pembukaan","Tertinggi","Terendah","Vol.","Perubahan%"
"18/06/2025","8.900","8.950","9.025","8.900","86,27M","-1,93%"
"17/06/2025","9.075","8.975","9.100","8.975","54,93M","1,68%"
"16/06/2025","8.925","8.925","9.000","8.900","57,83M","-1,11%"
"13/06/2025","9.025","9.100","9.125","8.975","83,32M","-1,10%"
"12/06/2025","9.125","9.000","9.125","9.000","41,34M","0,83%"
"11/06/2025","9.050","9.100","9.125","9.050","56,63M","-0,55%"
"10/06/2025","9.100","8.975","9.100","8.950","80,41M","1,96%"
"05/06/2025","8.925","9.000","9.050","8.900","95,53M","-0,56%"
"04/06/2025","8.975","9.100","9.125","8.950","93,36M","-0,83%"
"03/06/2025","9.050","9.050","9.125","8.950","128,32M","-0,55%"
"02/06/2025","9.100","9.025","9.175","9.025","264,43M","-3,19%"
"28/05/2025","9.400","9.450","9.550","9.400","236,95M","-0,53%"
"27/05/2025","9.450","9.550","9.600","9.450","93,21M","-1,82%"
"26/05/2025","9.625","9.600","9.650","9.500","56,63M","-0,52%"
"23/05/2025","9.675","9.775","9.775","9.625","61,19M","0,26%"
"22/05/2025","9.650","9.800","9.800","9.650","103,11M","-0,52%"
"21/05/2025","9.700","9.700","9.725","9.550","169,74M","2,37%"
"20/05/2025","9.475","9.500","9.675","9.475","160,61M","-0,26%"
"19/05/2025","9.500","9.275","9.500","9.250","111,60M","2,15%"
"16/05/2025","9.300","9.300","9.325","9.225","63,01M","0,27%"
"15/05/2025","9.275","9.275","9.400","9.250","101,40M","0,00%"
"14/05/2025","9.275","9.250","9.300","9.150","149,00M","3,06%"
"09/05/2025","9.000","9.050","9.050","8.975","47,17M","0,28%"
"08/05/2025","8.975","9.075","9.200","8.925","99,61M","-1,10%"
"07/05/2025","9.075","9.075","9.100","9.000","77,38M","0,55%"
"06/05/2025","9.025","9.050","9.050","8.975","48,86M","0,56%"
"05/05/2025","8.975","9.000","9.050","8.975","86,39M","0,00%"
"02/05/2025","8.975","9.000","9.000","8.850","92,22M","1,70%"
"30/04/2025","8.825","8.800","8.925","8.675","164,60M","1,15%"
"29/04/2025","8.725","8.800","8.825","8.700","60,32M","-0,57%"
"28/04/2025","8.775","8.750","8.775","8.650","73,24M","2,03%"
"25/04/2025","8.600","8.650","8.650","8.575","58,30M","1,47%"
"24/04/2025","8.475","8.850","8.850","8.475","143,68M","-2,87%"
"23/04/2025","8.725","8.550","8.725","8.550","92,33M","2,65%"
"22/04/2025","8.500","8.325","8.500","8.325","56,54M","2,41%"
"21/04/2025","8.300","8.500","8.500","8.300","40,68M","-2,35%"
"17/04/2025","8.500","8.450","8.500","8.350","83,54M","0,29%"
"16/04/2025","8.475","8.500","8.550","8.425","76,89M","-1,17%"
"15/04/2025","8.575","8.575","8.600","8.450","83,43M","2,08%"
"14/04/2025","8.400","8.250","8.400","8.250","83,32M","1,51%"
"11/04/2025","8.275","8.200","8.325","8.050","82,61M","0,61%"
"10/04/2025","8.225","8.500","8.650","8.175","144,15M","3,79%"
"09/04/2025","7.925","7.700","7.950","7.675","136,75M","1,93%"
"08/04/2025","7.775","7.400","8.000","7.275","533,07M","-8,53%"
"27/03/2025","8.500","8.425","8.575","8.375","122,94M","-0,29%"
"26/03/2025","8.525","8.300","8.650","8.275","283,10M","5,90%"
"25/03/2025","8.050","8.075","8.150","8.000","136,34M","1,26%"
"24/03/2025","7.950","7.825","8.100","7.625","331,84M","0,63%"
"21/03/2025","7.900","8.275","8.275","7.900","377,92M","-5,67%"
"20/03/2025","8.375","8.450","8.475","8.350","152,92M","0,60%"
"19/03/2025","8.325","8.300","8.400","8.225","214,11M","0,30%"
"18/03/2025","8.300","8.500","8.550","8.075","417,31M","-3,49%"
"17/03/2025","8.600","8.750","8.775","8.550","151,37M","-1,71%"
"14/03/2025","8.750","8.800","8.925","8.750","111,40M","-2,51%"
"13/03/2025","8.975","9.150","9.175","8.975","83,03M","-1,64%"
"12/03/2025","9.125","9.025","9.125","8.975","87,97M","2,24%"
"11/03/2025","8.925","8.950","9.050","8.875","109,30M","0,00%"
"10/03/2025","8.925","8.750","8.975","8.725","97,65M","0,00%"
"07/03/2025","8.925","9.000","9.000","8.925","82,30M","-0,56%"
"06/03/2025","8.975","9.200","9.200","8.975","96,27M","-0,28%"
"05/03/2025","9.000","8.825","9.175","8.825","155,21M","1,69%"
"04/03/2025","8.850","8.900","8.925","8.675","125,42M","0,57%"
"03/03/2025","8.800","8.600","8.900","8.550","192,94M","4,45%"
"28/02/2025","8.425","8.525","8.675","8.425","293,10M","-1,17%"
"27/02/2025","8.525","8.800","8.800","8.500","199,99M","-2,85%"
"26/02/2025","8.775","8.800","8.900","8.725","117,84M","-0,57%"
"25/02/2025","8.825","8.900","9.000","8.825","101,59M","-1,12%"
"24/02/2025","8.925","8.925","8.975","8.875","108,53M","-0,83%"
"21/02/2025","9.000","8.950","9.000","8.925","106,05M","0,00%"
"20/02/2025","9.000","8.975","9.025","8.950","119,26M","0,56%"
"19/02/2025","8.950","9.225","9.250","8.950","154,44M","-3,76%"
"18/02/2025","9.300","9.325","9.575","9.250","107,32M","-0,27%"
"17/02/2025","9.325","8.975","9.325","8.975","89,10M","3,90%"
"14/02/2025","8.975","9.000","9.075","8.950","116,27M","-0,28%"
"13/02/2025","9.000","9.100","9.150","9.000","90,44M","-1,64%"
"12/02/2025","9.150","8.950","9.150","8.950","121,17M","0,83%"
"11/02/2025","9.075","9.025","9.100","9.000","71,19M","-0,82%"
"10/02/2025","9.150","9.025","9.250","9.025","76,21M","-2,14%"
"07/02/2025","9.350","8.950","9.350","8.825","131,16M","4,47%"
"06/02/2025","8.950","9.075","9.100","8.850","171,48M","-1,92%"
"05/02/2025","9.125","9.100","9.175","9.100","98,23M","-0,54%"
"04/02/2025","9.175","9.350","9.400","9.175","94,61M","-1,87%"
"03/02/2025","9.350","9.400","9.400","9.225","90,44M","-1,06%"
"31/01/2025","9.450","9.250","9.500","9.225","112,98M","3,28%"
"30/01/2025","9.150","9.150","9.275","9.150","154,65M","-2,14%"
"24/01/2025","9.350","9.625","9.650","9.350","152,06M","-2,60%"
"23/01/2025","9.600","9.600","9.750","9.600","120,52M","0,00%"
"22/01/2025","9.600","9.650","9.675","9.575","90,15M","0,26%"
"21/01/2025","9.575","9.600","9.675","9.550","124,55M","-0,52%"
"20/01/2025","9.625","9.850","9.875","9.625","112,11M","-2,78%"
"17/01/2025","9.900","9.750","9.900","9.650","71,03M","1,54%"
"16/01/2025","9.750","9.850","9.925","9.750","76,98M","-0,51%"
"15/01/2025","9.800","9.575","9.800","9.550","77,10M","2,89%"
"14/01/2025","9.525","9.600","9.725","9.525","70,94M","-1,55%"
"13/01/2025","9.675","9.625","9.725","9.625","88,27M","-0,51%"
"10/01/2025","9.725","9.800","9.925","9.725","72,53M","-1,27%"
"09/01/2025","9.850","9.750","9.875","9.725","42,73M","1,81%"
"08/01/2025","9.675","9.675","9.775","9.575","55,94M","1,57%"
"07/01/2025","9.525","9.675","9.725","9.525","71,32M","-1,55%"
"06/01/2025","9.675","9.850","9.875","9.650","41,59M","-1,78%"
"03/01/2025","9.850","9.850","9.925","9.825","41,92M","-0,51%"
"02/01/2025","9.900","9.650","9.900","9.650","38,12M","2,33%"
"30/12/2024","9.675","9.800","9.825","9.675","56,35M","-1,28%"
"27/12/2024","9.800","9.800","9.825","9.725","24,02M","0,51%"
"24/12/2024","9.750","9.850","9.900","9.750","32,42M","-0,26%"
"23/12/2024","9.775","9.700","9.850","9.700","43,29M","1,30%"
"20/12/2024","9.650","9.650","9.750","9.625","91,58M","-0,26%"
"19/12/2024","9.675","9.700","9.775","9.550","104,25M","-1,28%"
"18/12/2024","9.800","9.900","10.025","9.800","84,87M","-1,01%"
"17/12/2024","9.900","9.950","10.050","9.900","99,85M","-1,98%"
"16/12/2024","10.100","10.000","10.125","10.000","57,75M","0,50%"
"13/12/2024","10.050","10.125","10.225","10.025","75,13M","-1,23%"
"12/12/2024","10.175","10.300","10.375","10.175","44,78M","-2,40%"
"11/12/2024","10.425","10.225","10.425","10.225","37,93M","0,72%"
"10/12/2024","10.350","10.325","10.350","10.275","61,23M","0,00%"
"09/12/2024","10.350","10.025","10.350","10.000","64,46M","2,73%"
"06/12/2024","10.075","10.100","10.175","10.050","68,25M","-1,71%"
"05/12/2024","10.250","10.250","10.350","10.225","96,90M","0,49%"
"04/12/2024","10.200","10.175","10.250","10.050","97,88M","0,00%"
"03/12/2024","10.200","10.025","10.225","9.900","126,09M","4,62%"
"02/12/2024","9.750","10.000","10.050","9.750","87,88M","-2,50%"
"29/11/2024","10.000","10.000","10.100","9.950","76,89M","0,00%"
"28/11/2024","10.000","9.975","10.075","9.925","57,44M","0,00%"
"26/11/2024","10.000","10.250","10.250","10.000","62,31M","-1,72%"
"25/11/2024","10.175","9.950","10.200","9.900","165,37M","3,30%"
"22/11/2024","9.850","9.925","9.950","9.850","58,40M","0,00%"
"21/11/2024","9.850","10.000","10.000","9.850","93,18M","-2,23%"
"20/11/2024","10.075","10.025","10.150","10.000","58,58M","1,51%"
"19/11/2024","9.925","9.900","10.025","9.900","85,30M","-0,75%"
"18/11/2024","10.000","10.075","10.125","10.000","66,88M","-1,72%"
"15/11/2024","10.175","10.050","10.275","10.050","63,60M","0,74%"
"14/11/2024","10.100","10.125","10.175","10.050","56,38M","-0,49%"
"13/11/2024","10.150","10.225","10.250","10.150","62,93M","0,00%"
"12/11/2024","10.150","10.100","10.225","10.000","80,38M","1,00%"
"11/11/2024","10.050","9.800","10.050","9.800","128,71M","-0,25%"
"08/11/2024","10.075","10.200","10.225","10.050","92,22M","-0,98%"
"07/11/2024","10.175","10.325","10.450","10.175","131,58M","-2,63%"
"06/11/2024","10.450","10.475","10.500","10.375","50,32M","-0,48%"
"05/11/2024","10.500","10.300","10.575","10.300","50,30M","1,20%"
"04/11/2024","10.375","10.425","10.500","10.300","49,28M","-0,48%"
"01/11/2024","10.425","10.275","10.425","10.275","47,71M","1,71%"
"31/10/2024","10.250","10.325","10.475","10.250","97,55M","-0,97%"
"30/10/2024","10.350","10.275","10.400","10.275","114,48M","-1,43%"
"29/10/2024","10.500","10.525","10.575","10.500","49,68M","-0,94%"
"28/10/2024","10.600","10.825","10.825","10.600","39,06M","-1,40%"
"25/10/2024","10.750","10.650","10.750","10.625","34,85M","0,47%"
"24/10/2024","10.700","10.725","10.850","10.700","85,34M","0,47%"
"23/10/2024","10.650","10.475","10.650","10.475","48,90M","1,43%"
"22/10/2024","10.500","10.475","10.600","10.475","94,80M","-1,64%"
"21/10/2024","10.675","10.850","10.850","10.675","36,47M","-0,70%"
"18/10/2024","10.750","10.875","10.875","10.725","56,30M","0,23%"
"17/10/2024","10.725","10.550","10.800","10.500","66,99M","2,39%"
"16/10/2024","10.475","10.700","10.725","10.475","63,26M","-1,41%"
"15/10/2024","10.625","10.550","10.625","10.450","66,64M","1,19%"
"14/10/2024","10.500","10.375","10.500","10.375","31,74M","1,20%"
"11/10/2024","10.375","10.575","10.575","10.375","44,63M","-1,19%"
"10/10/2024","10.500","10.425","10.500","10.400","51,08M","0,72%"
"09/10/2024","10.425","10.400","10.525","10.400","56,84M","0,24%"
"08/10/2024","10.400","10.200","10.500","10.150","99,62M","0,97%"
"07/10/2024","10.300","10.350","10.375","10.250","91,87M","-1,67%"
"04/10/2024","10.475","10.400","10.475","10.350","58,50M","0,24%"
"03/10/2024","10.450","10.450","10.525","10.400","60,89M","-0,48%"
"02/10/2024","10.500","10.325","10.550","10.325","86,75M","-0,47%"
"01/10/2024","10.550","10.400","10.550","10.375","59,80M","2,18%"
"30/09/2024","10.325","10.475","10.550","10.325","144,69M","-3,05%"
"27/09/2024","10.650","10.500","10.750","10.400","93,03M","-0,47%"
"26/09/2024","10.700","10.875","10.875","10.675","84,96M","-1,38%"
"25/09/2024","10.850","10.675","10.850","10.525","158,37M","0,46%"
"24/09/2024","10.800","10.775","10.950","10.775","105,19M","-1,37%"
"23/09/2024","10.950","10.725","10.950","10.725","72,55M","1,62%"
"20/09/2024","10.775","10.900","10.900","10.775","142,19M","-1,15%"
"19/09/2024","10.900","10.700","10.900","10.650","140,89M","2,59%"
"18/09/2024","10.625","10.500","10.625","10.450","65,42M","1,19%"
"17/09/2024","10.500","10.450","10.500","10.350","89,75M","0,72%"
"13/09/2024","10.425","10.400","10.425","10.325","70,06M","-0,48%"
"12/09/2024","10.475","10.450","10.500","10.375","70,76M","0,48%"
"11/09/2024","10.425","10.425","10.425","10.350","64,62M","0,72%"
"10/09/2024","10.350","10.350","10.350","10.275","55,09M","0,73%"
"09/09/2024","10.275","10.300","10.350","10.200","36,19M","-0,24%"
"06/09/2024","10.300","10.225","10.300","10.225","31,54M","0,49%"
"05/09/2024","10.250","10.350","10.350","10.250","39,33M","-0,49%"
"04/09/2024","10.300","10.150","10.300","10.125","44,82M","1,23%"
"03/09/2024","10.175","10.325","10.325","10.150","50,95M","-0,97%"
"02/09/2024","10.275","10.375","10.375","10.200","72,01M","-0,48%"
"30/08/2024","10.325","10.325","10.325","10.200","158,40M","0,98%"
"29/08/2024","10.225","10.500","10.500","10.225","53,00M","-1,21%"
"28/08/2024","10.350","10.300","10.350","10.250","38,49M","1,47%"
"27/08/2024","10.200","10.275","10.300","10.175","60,45M","-1,21%"
"26/08/2024","10.325","10.275","10.375","10.250","35,15M","0,00%"
"23/08/2024","10.325","10.325","10.375","10.300","46,65M","0,00%"
"22/08/2024","10.325","10.350","10.400","10.225","56,61M","-0,96%"
"21/08/2024","10.425","10.500","10.500","10.425","84,85M","0,00%"
"20/08/2024","10.425","10.325","10.450","10.300","60,30M","0,48%"
"19/08/2024","10.375","10.325","10.425","10.275","51,05M","0,48%"
"16/08/2024","10.325","10.300","10.325","10.250","40,73M","0,98%"
"15/08/2024","10.225","10.200","10.300","10.175","33,40M","0,25%"
"14/08/2024","10.200","10.300","10.300","10.200","48,00M","-0,97%"
"13/08/2024","10.300","10.250","10.300","10.175","55,21M","0,98%"
"12/08/2024","10.200","10.100","10.200","10.075","40,36M","0,49%"
"09/08/2024","10.150","10.225","10.250","10.100","47,06M","-0,73%"
"08/08/2024","10.225","10.150","10.225","10.075","54,16M","1,24%"
"07/08/2024","10.100","10.000","10.100","10.000","52,35M","1,00%"
"06/08/2024","10.000","10.075","10.075","9.950","78,47M","1,27%"
"05/08/2024","9.875","10.000","10.150","9.875","126,33M","-3,19%"
"02/08/2024","10.200","10.275","10.350","10.200","55,77M","-1,69%"
"01/08/2024","10.375","10.200","10.375","10.200","61,18M","0,97%"
"31/07/2024","10.275","10.350","10.350","10.225","82,52M","0,98%"
"30/07/2024","10.175","10.300","10.300","10.175","32,20M","-0,73%"
"29/07/2024","10.250","10.400","10.425","10.175","69,09M","-0,73%"
"26/07/2024","10.325","10.375","10.400","10.300","75,57M","0,24%"
"25/07/2024","10.300","10.225","10.300","10.200","98,09M","2,23%"
"24/07/2024","10.075","10.125","10.175","10.075","24,66M","-0,98%"
"23/07/2024","10.175","10.200","10.200","10.125","39,32M","0,74%"
"22/07/2024","10.100","10.125","10.150","10.100","31,29M","-0,25%"
"19/07/2024","10.125","10.050","10.125","9.975","53,88M","0,25%"
"18/07/2024","10.100","9.800","10.100","9.800","65,38M","3,06%"
"17/07/2024","9.800","9.900","9.950","9.800","90,67M","-1,51%"
"16/07/2024","9.950","9.975","10.025","9.950","37,19M","-1,00%"
"15/07/2024","10.050","10.050","10.075","9.950","36,68M","-0,25%"
"12/07/2024","10.075","10.050","10.100","10.025","79,03M","0,00%"
"11/07/2024","10.075","10.000","10.125","10.000","55,91M","-0,25%"
"10/07/2024","10.100","10.175","10.225","10.050","62,33M","0,25%"
"09/07/2024","10.075","10.100","10.150","10.075","61,85M","0,25%"
"08/07/2024","10.050","10.000","10.050","9.950","72,90M","1,01%"
"05/07/2024","9.950","9.925","9.975","9.875","36,95M","1,27%"
"04/07/2024","9.825","9.975","10.000","9.825","67,05M","-1,75%"
"03/07/2024","10.000","9.975","10.000","9.925","55,86M","1,01%"
"02/07/2024","9.900","10.000","10.000","9.850","78,85M","0,25%"
"01/07/2024","9.875","9.850","9.900","9.825","68,63M","-0,50%"
"28/06/2024","9.925","9.800","9.975","9.775","166,17M","1,79%"
"27/06/2024","9.750","9.575","9.750","9.550","89,15M","2,63%"
"26/06/2024","9.500","9.525","9.650","9.450","77,91M","-1,04%"
"25/06/2024","9.600","9.600","9.600","9.450","80,03M","0,00%"
"24/06/2024","9.600","9.600","9.750","9.575","79,59M","0,00%"
"21/06/2024","9.600","9.475","9.675","9.400","167,76M","1,86%"
"20/06/2024","9.425","9.150","9.425","9.100","81,47M","4,14%"
"19/06/2024","9.050","9.250","9.250","9.050","100,05M","-1,63%"
"14/06/2024","9.200","9.200","9.250","9.100","52,99M","0,00%"
"13/06/2024","9.200","9.475","9.475","9.200","84,65M","-0,54%"
"12/06/2024","9.250","9.300","9.325","9.250","49,79M","-0,54%"
"11/06/2024","9.300","9.550","9.550","9.300","68,69M","-2,36%"
"10/06/2024","9.525","9.500","9.525","9.450","45,58M","2,14%"
"07/06/2024","9.325","9.500","9.500","9.325","51,60M","-1,58%"
"06/06/2024","9.475","9.525","9.525","9.450","44,99M","0,26%"
"05/06/2024","9.450","9.500","9.500","9.300","85,71M","1,07%"
"04/06/2024","9.350","9.525","9.525","9.350","75,35M","0,81%"
"03/06/2024","9.275","9.350","9.350","9.225","72,20M","0,27%"
"31/05/2024","9.250","9.100","9.250","9.025","756,43M","2,78%"
"30/05/2024","9.000","9.000","9.250","8.775","207,12M","-1,64%"
"29/05/2024","9.150","9.275","9.325","9.150","117,35M","-1,61%"
"28/05/2024","9.300","9.300","9.400","9.300","73,95M","0,00%"
"27/05/2024","9.300","9.300","9.375","9.275","128,58M","-1,33%"
"22/05/2024","9.425","9.475","9.575","9.325","121,71M","0,53%"
"21/05/2024","9.375","9.450","9.575","9.375","75,71M","-1,06%"
"20/05/2024","9.475","9.700","9.800","9.475","87,89M","-2,82%"
"17/05/2024","9.750","9.600","9.850","9.575","99,85M","1,56%"
"16/05/2024","9.600","9.575","9.675","9.525","61,13M","1,05%"
"15/05/2024","9.500","9.500","9.600","9.425","54,74M","-0,52%"
"14/05/2024","9.550","9.625","9.675","9.525","95,36M","0,26%"
"13/05/2024","9.525","9.200","9.525","9.200","145,47M","1,60%"
"08/05/2024","9.375","9.600","9.700","9.375","112,81M","-3,35%"
"07/05/2024","9.700","9.700","9.750","9.625","66,75M","-1,02%"
"06/05/2024","9.800","9.850","9.875","9.775","53,08M","-0,51%"
"03/05/2024","9.850","9.750","9.850","9.675","84,03M","3,14%"
"02/05/2024","9.550","9.900","9.900","9.500","97,08M","-2,55%"
"30/04/2024","9.800","10.050","10.050","9.800","109,62M","0,00%"
"29/04/2024","9.800","9.525","9.850","9.525","90,06M","1,82%"
"26/04/2024","9.625","9.700","9.825","9.625","100,93M","-1,53%"
"25/04/2024","9.775","10.000","10.000","9.700","104,87M","-1,76%"
"24/04/2024","9.950","9.825","9.950","9.750","132,83M","2,31%"
"23/04/2024","9.725","9.400","9.775","9.375","181,70M","4,01%"
"22/04/2024","9.350","9.400","9.425","9.350","128,91M","-1,32%"
"19/04/2024","9.475","9.350","9.500","9.300","147,78M","0,00%"
"18/04/2024","9.475","9.525","9.575","9.450","127,13M","-0,52%"
"17/04/2024","9.525","9.550","9.675","9.525","95,62M","0,53%"
"16/04/2024","9.475","9.350","9.575","9.250","283,27M","-3,56%"
"05/04/2024","9.825","9.950","9.950","9.825","70,43M","-0,25%"
"04/04/2024","9.850","9.575","9.850","9.575","77,27M","3,41%"
"03/04/2024","9.525","9.750","9.800","9.525","177,42M","-3,79%"
"02/04/2024","9.900","9.925","9.950","9.800","76,76M","0,51%"
"01/04/2024","9.850","10.075","10.100","9.825","79,25M","-2,23%"
"28/03/2024","10.075","10.025","10.100","9.975","79,23M","0,00%"
"27/03/2024","10.075","10.025","10.075","10.000","39,51M","0,25%"
"26/03/2024","10.050","9.950","10.050","9.950","65,74M","-0,25%"
"25/03/2024","10.075","9.925","10.075","9.925","66,97M","-0,25%"
"22/03/2024","10.100","10.000","10.125","9.950","120,53M","-0,25%"
"21/03/2024","10.125","10.175","10.225","10.050","90,28M","0,00%"
"20/03/2024","10.125","10.100","10.150","10.075","66,27M","-0,49%"
"19/03/2024","10.175","10.150","10.250","10.150","55,00M","0,25%"
"18/03/2024","10.150","10.175","10.275","10.150","62,44M","0,00%"
"15/03/2024","10.150","10.200","10.300","10.050","154,18M","-1,69%"
"14/03/2024","10.325","10.050","10.325","10.025","110,68M","3,25%"
"13/03/2024","10.000","10.400","10.400","10.000","141,62M","-1,48%"
"08/03/2024","10.150","10.250","10.300","10.125","100,95M","0,25%"
"07/03/2024","10.125","10.050","10.175","10.000","118,37M","1,76%"
"06/03/2024","9.950","9.900","10.000","9.775","70,24M","1,53%"
"05/03/2024","9.800","9.900","9.900","9.775","61,95M","0,51%"
"04/03/2024","9.750","9.800","9.825","9.750","43,82M","-0,76%"
"01/03/2024","9.825","9.900","9.925","9.800","51,52M","-0,51%"
"29/02/2024","9.875","10.000","10.000","9.850","127,02M","-1,25%"
"28/02/2024","10.000","9.975","10.000","9.900","66,95M","1,27%"
"27/02/2024","9.875","9.750","9.900","9.750","43,74M","0,77%"
"26/02/2024","9.800","9.750","9.875","9.725","53,82M","-0,25%"
"23/02/2024","9.825","9.900","9.925","9.800","55,19M","-0,51%"
"22/02/2024","9.875","9.975","9.975","9.875","66,91M","-1,00%"
"21/02/2024","9.975","9.950","10.000","9.850","75,55M","-0,50%"
"20/02/2024","10.025","9.850","10.025","9.850","64,00M","1,52%"
"19/02/2024","9.875","9.900","9.975","9.825","53,34M","-0,75%"
"16/02/2024","9.950","9.975","10.000","9.875","142,28M","1,02%"
"15/02/2024","9.850","9.950","9.975","9.850","164,75M","1,29%"
"13/02/2024","9.725","9.750","9.800","9.700","66,07M","-0,77%"
"12/02/2024","9.800","9.750","9.800","9.700","99,80M","1,03%"
"07/02/2024","9.700","9.700","9.725","9.650","93,32M","0,78%"
"06/02/2024","9.625","9.750","9.750","9.625","87,65M","0,52%"
"05/02/2024","9.575","9.675","9.675","9.525","57,98M","-1,29%"
"02/02/2024","9.700","9.775","9.800","9.625","99,32M","0,00%"
"01/02/2024","9.700","9.650","9.725","9.575","109,29M","1,57%"
"31/01/2024","9.550","9.700","9.700","9.550","102,58M","-1,04%"
"30/01/2024","9.650","9.500","9.650","9.475","73,14M","1,05%"
"29/01/2024","9.550","9.400","9.550","9.375","73,45M","2,14%"
"26/01/2024","9.350","9.400","9.450","9.300","78,98M","-1,58%"
"25/01/2024","9.500","9.450","9.575","9.450","63,21M","-0,26%"
"24/01/2024","9.525","9.600","9.600","9.475","84,91M","-0,78%"
"23/01/2024","9.600","9.450","9.600","9.450","92,35M","-0,26%"
"22/01/2024","9.625","9.600","9.650","9.525","52,87M","0,00%"
"19/01/2024","9.625","9.775","9.775","9.600","63,18M","-0,52%"
"18/01/2024","9.675","9.675","9.750","9.625","71,05M","-0,77%"
"17/01/2024","9.750","9.750","9.750","9.650","107,71M","0,52%"
"16/01/2024","9.700","9.700","9.750","9.675","44,87M","-0,26%"
"15/01/2024","9.725","9.750","9.750","9.650","88,58M","0,26%"
"12/01/2024","9.700","9.650","9.700","9.600","68,25M","1,31%"
"11/01/2024","9.575","9.625","9.650","9.575","51,58M","0,26%"
"10/01/2024","9.550","9.650","9.650","9.550","52,77M","-0,78%"
"09/01/2024","9.625","9.600","9.625","9.575","59,85M","0,52%"
"08/01/2024","9.575","9.600","9.625","9.475","50,90M","0,00%"
"05/01/2024","9.575","9.500","9.600","9.475","85,29M","1,06%"
"04/01/2024","9.475","9.400","9.475","9.375","77,29M","1,34%"
"03/01/2024","9.350","9.425","9.425","9.325","34,60M","-0,80%"
"02/01/2024","9.425","9.400","9.425","9.350","30,55M","0,27%"
"29/12/2023","9.400","9.425","9.450","9.350","79,90M","0,00%"
"28/12/2023","9.400","9.325","9.425","9.325","70,18M","0,27%"
"27/12/2023","9.375","9.375","9.400","9.325","72,26M","0,54%"
"22/12/2023","9.325","9.275","9.350","9.275","64,45M","0,00%"
"21/12/2023","9.325","9.300","9.325","9.250","88,12M","0,27%"
"20/12/2023","9.300","9.250","9.300","9.225","72,94M","0,54%"
"19/12/2023","9.250","9.125","9.250","9.125","87,54M","0,54%"
"18/12/2023","9.200","9.200","9.225","9.150","111,71M","-0,27%"
"15/12/2023","9.225","9.125","9.225","9.075","275,01M","1,93%"
"14/12/2023","9.050","8.775","9.050","8.750","139,38M","4,32%"
"13/12/2023","8.675","8.700","8.750","8.675","51,56M","-0,29%"
"12/12/2023","8.700","8.700","8.750","8.700","87,59M","-0,57%"
"11/12/2023","8.750","8.675","8.775","8.675","78,64M","0,00%"
"08/12/2023","8.750","8.800","8.850","8.750","43,89M","-0,85%"
"07/12/2023","8.825","8.750","8.825","8.725","91,32M","0,28%"
"06/12/2023","8.800","8.850","8.950","8.800","81,85M","-1,12%"
"05/12/2023","8.900","8.950","8.950","8.825","94,36M","-0,28%"
"04/12/2023","8.925","8.950","9.025","8.925","54,75M","-0,28%"
"01/12/2023","8.950","8.925","8.975","8.900","80,57M","-0,28%"
"30/11/2023","8.975","8.925","8.975","8.900","205,31M","0,84%"
"29/11/2023","8.900","8.900","8.950","8.900","54,72M","0,28%"
"28/11/2023","8.875","8.875","8.950","8.850","69,07M","0,00%"
"27/11/2023","8.875","8.900","8.950","8.875","35,68M","-0,56%"
"24/11/2023","8.925","8.925","8.975","8.900","51,62M","0,00%"
"23/11/2023","8.925","8.850","8.975","8.850","55,54M","0,56%"
"22/11/2023","8.875","8.775","8.875","8.775","40,36M","1,14%"
"21/11/2023","8.775","8.825","8.900","8.775","107,61M","-1,13%"
"20/11/2023","8.875","8.975","9.025","8.875","73,54M","-2,20%"
"17/11/2023","9.075","9.025","9.075","8.975","57,05M","0,00%"
"16/11/2023","9.075","9.050","9.075","8.950","80,28M","0,28%"
"15/11/2023","9.050","8.975","9.050","8.950","84,98M","1,40%"
"14/11/2023","8.925","8.900","8.950","8.875","37,20M","0,56%"
"13/11/2023","8.875","8.875","8.925","8.850","32,72M","0,57%"
"10/11/2023","8.825","8.950","9.000","8.825","50,75M","-1,94%"
"09/11/2023","9.000","8.900","9.050","8.900","46,08M","0,00%"
"08/11/2023","9.000","8.950","9.000","8.900","31,83M","0,28%"
"07/11/2023","8.975","9.000","9.025","8.900","60,65M","-0,83%"
"06/11/2023","9.050","8.975","9.050","8.950","84,99M","1,69%"
"03/11/2023","8.900","8.925","8.950","8.850","60,41M","0,56%"
"02/11/2023","8.850","8.725","8.900","8.725","56,05M","2,91%"
"01/11/2023","8.600","8.750","8.775","8.600","67,03M","-1,71%"
"31/10/2023","8.750","8.800","8.825","8.725","64,91M","-1,13%"
"30/10/2023","8.850","8.700","8.850","8.700","51,96M","1,72%"
"27/10/2023","8.700","8.725","8.800","8.700","52,45M","-0,29%"
"26/10/2023","8.725","8.925","8.950","8.725","63,20M","-1,69%"
"25/10/2023","8.875","8.825","8.925","8.825","54,75M","1,14%"
"24/10/2023","8.775","8.775","8.875","8.775","76,96M","-0,85%"
"23/10/2023","8.850","8.875","8.925","8.850","50,63M","-1,39%"
"20/10/2023","8.975","8.725","9.025","8.725","80,33M","2,57%"
"19/10/2023","8.750","8.825","8.850","8.750","89,51M","-1,13%"
"18/10/2023","8.850","8.925","8.950","8.850","70,86M","-1,12%"
"17/10/2023","8.950","9.050","9.075","8.950","59,61M","-1,65%"
"16/10/2023","9.100","9.125","9.125","9.050","37,60M","0,28%"
"13/10/2023","9.075","9.100","9.125","9.025","62,94M","0,28%"
"12/10/2023","9.050","9.000","9.100","9.000","71,06M","1,40%"
"11/10/2023","8.925","8.925","9.025","8.925","84,31M","0,00%"
"10/10/2023","8.925","9.000","9.000","8.925","107,49M","-1,38%"
"09/10/2023","9.050","9.025","9.125","9.025","43,77M","0,28%"
"06/10/2023","9.025","9.100","9.100","9.025","53,34M","-0,55%"
"05/10/2023","9.075","9.200","9.200","9.075","72,86M","-1,36%"
"04/10/2023","9.200","9.200","9.250","9.125","112,58M","0,00%"
"03/10/2023","9.200","9.075","9.200","9.025","99,11M","1,38%"
"02/10/2023","9.075","8.900","9.100","8.875","93,66M","2,83%"
"29/09/2023","8.825","8.825","8.900","8.825","119,44M","-0,56%"
"27/09/2023","8.875","8.900","9.000","8.875","84,35M","-0,84%"
"26/09/2023","8.950","9.000","9.025","8.950","73,54M","-0,56%"
"25/09/2023","9.000","9.075","9.075","9.000","56,23M","-0,83%"
"22/09/2023","9.075","9.125","9.150","9.075","42,45M","-0,55%"
"21/09/2023","9.125","9.125","9.150","9.075","40,61M","-0,27%"
"20/09/2023","9.150","9.125","9.175","9.075","54,31M","0,83%"
"19/09/2023","9.075","9.000","9.075","8.975","37,02M","0,83%"
"18/09/2023","9.000","9.050","9.075","9.000","34,27M","0,00%"
"15/09/2023","9.000","9.050","9.100","9.000","121,01M","-1,10%"
"14/09/2023","9.100","9.000","9.125","9.000","112,76M","0,28%"
"13/09/2023","9.075","9.050","9.075","9.000","69,49M","-0,27%"
"12/09/2023","9.100","9.100","9.125","9.075","66,48M","-0,27%"
"11/09/2023","9.125","9.075","9.125","9.075","53,16M","0,00%"
"08/09/2023","9.125","9.100","9.150","9.050","80,73M","-0,54%"
"07/09/2023","9.175","9.125","9.175","9.100","61,41M","0,27%"
"06/09/2023","9.150","9.200","9.250","9.150","49,32M","-0,81%"
"05/09/2023","9.225","9.250","9.250","9.200","42,01M","0,00%"
"04/09/2023","9.225","9.225","9.275","9.175","40,61M","0,00%"
"01/09/2023","9.225","9.200","9.275","9.175","42,15M","0,54%"
"31/08/2023","9.175","9.200","9.225","9.100","136,11M","-0,27%"
"30/08/2023","9.200","9.300","9.300","9.200","56,23M","-0,54%"
"29/08/2023","9.250","9.275","9.300","9.200","45,43M","0,54%"
"28/08/2023","9.200","9.250","9.250","9.200","44,42M","-0,81%"
"25/08/2023","9.275","9.200","9.275","9.175","50,38M","0,82%"
"24/08/2023","9.200","9.250","9.325","9.200","53,73M","-1,08%"
"23/08/2023","9.300","9.300","9.325","9.275","63,75M","0,00%"
"22/08/2023","9.300","9.150","9.325","9.150","65,66M","1,36%"
"21/08/2023","9.175","9.225","9.250","9.175","73,57M","-0,81%"
"18/08/2023","9.250","9.250","9.350","9.250","79,33M","-0,54%"
"16/08/2023","9.300","9.275","9.325","9.250","76,44M","0,00%"
"15/08/2023","9.300","9.325","9.375","9.300","59,30M","-0,53%"
"14/08/2023","9.350","9.325","9.350","9.225","75,50M","-0,53%"
"11/08/2023","9.400","9.425","9.450","9.375","68,90M","0,00%"
"10/08/2023","9.400","9.400","9.425","9.350","78,07M","0,00%"
"09/08/2023","9.400","9.275","9.400","9.250","77,06M","2,17%"
"08/08/2023","9.200","9.275","9.300","9.200","61,29M","-0,81%"
"07/08/2023","9.275","9.150","9.275","9.150","55,59M","1,37%"
"04/08/2023","9.150","9.250","9.275","9.125","52,68M","-1,08%"
"03/08/2023","9.250","9.150","9.300","9.150","64,60M","0,54%"
"02/08/2023","9.200","9.125","9.200","9.125","60,63M","0,82%"
"01/08/2023","9.125","9.175","9.175","9.100","49,76M","0,00%"
"31/07/2023","9.125","9.175","9.200","9.100","80,87M","0,00%"
"28/07/2023","9.125","9.200","9.225","9.125","74,51M","-1,08%"
"27/07/2023","9.225","9.400","9.400","9.225","77,85M","-1,34%"
"26/07/2023","9.350","9.175","9.350","9.125","113,87M","2,19%"
"25/07/2023","9.150","9.175","9.300","9.150","122,80M","0,55%"
"24/07/2023","9.100","9.200","9.200","9.100","62,06M","-0,55%"
"21/07/2023","9.150","9.150","9.175","9.125","42,67M","0,00%"
"20/07/2023","9.150","9.200","9.225","9.125","83,48M","0,00%"
"18/07/2023","9.150","9.200","9.250","9.100","66,97M","-0,27%"
"17/07/2023","9.175","9.200","9.250","9.175","62,55M","-0,27%"
"14/07/2023","9.200","9.175","9.200","9.125","55,55M","0,82%"
"13/07/2023","9.125","9.200","9.225","9.125","65,23M","-0,54%"
"12/07/2023","9.175","9.075","9.175","9.050","61,57M","1,66%"
"11/07/2023","9.025","9.100","9.100","9.025","43,70M","-0,28%"
"10/07/2023","9.050","9.100","9.100","9.050","28,98M","0,28%"
"07/07/2023","9.025","9.025","9.100","9.025","37,64M","-0,55%"
"06/07/2023","9.075","9.050","9.100","9.025","52,53M","0,28%"
"05/07/2023","9.050","9.050","9.075","9.025","44,61M","0,00%"
"04/07/2023","9.050","9.150","9.150","9.050","35,05M","-0,28%"
"03/07/2023","9.075","9.025","9.075","9.025","108,88M","-0,82%"
"27/06/2023","9.150","9.050","9.150","9.050","36,23M","0,83%"
"26/06/2023","9.075","9.025","9.125","9.025","36,39M","0,28%"
"23/06/2023","9.050","9.025","9.150","9.025","47,81M","0,00%"
"22/06/2023","9.050","9.125","9.150","9.050","48,29M","-0,82%"
"21/06/2023","9.125","9.050","9.125","9.000","43,38M","0,83%"
"20/06/2023","9.050","9.025","9.050","8.950","54,99M","0,56%"
"19/06/2023","9.000","9.000","9.050","9.000","32,33M","-0,55%"
"16/06/2023","9.050","9.100","9.100","8.975","112,77M","0,00%"
"15/06/2023","9.050","9.100","9.100","9.050","59,07M","-0,28%"
"14/06/2023","9.075","9.100","9.125","9.050","72,22M","-0,82%"
"13/06/2023","9.150","9.175","9.175","9.100","45,55M","0,00%"
"12/06/2023","9.150","9.150","9.150","9.100","38,08M","0,55%"
"09/06/2023","9.100","9.175","9.175","9.100","44,65M","-0,27%"
"08/06/2023","9.125","9.075","9.125","9.075","53,19M","0,27%"
"07/06/2023","9.100","9.125","9.175","9.075","66,81M","-0,55%"
"06/06/2023","9.150","9.050","9.200","9.050","74,87M","-0,54%"
"05/06/2023","9.200","9.150","9.325","9.100","163,54M","1,66%"
"31/05/2023","9.050","9.300","9.325","9.050","421,02M","-2,16%"
"30/05/2023","9.250","9.200","9.325","9.150","111,13M","1,09%"
"29/05/2023","9.150","9.250","9.250","9.075","79,15M","0,00%"
"26/05/2023","9.150","9.175","9.200","9.100","55,68M","1,10%"
"25/05/2023","9.050","9.100","9.150","9.050","62,06M","0,28%"
"24/05/2023","9.025","9.200","9.200","9.025","64,85M","-1,10%"
"23/05/2023","9.125","9.050","9.150","9.025","87,74M","1,39%"
"22/05/2023","9.000","9.000","9.075","8.925","91,00M","0,00%"
"19/05/2023","9.000","8.900","9.000","8.825","105,99M","2,56%"
"17/05/2023","8.775","8.775","8.850","8.750","70,01M","0,86%"
"16/05/2023","8.700","8.800","8.825","8.700","57,84M","-0,85%"
"15/05/2023","8.775","8.875","8.875","8.725","50,79M","-0,28%"
"12/05/2023","8.800","8.750","8.875","8.725","79,77M","-0,28%"
"11/05/2023","8.825","8.900","8.900","8.800","82,00M","-1,12%"
"10/05/2023","8.925","8.925","8.950","8.900","45,50M","0,00%"
"09/05/2023","8.925","8.950","8.975","8.900","42,05M","-0,83%"
"08/05/2023","9.000","9.000","9.075","8.950","84,75M","0,00%"
"05/05/2023","9.000","9.000","9.050","8.950","55,56M","0,00%"
"04/05/2023","9.000","8.925","9.025","8.875","59,66M","0,84%"
"03/05/2023","8.925","9.050","9.050","8.875","69,75M","-1,38%"
"02/05/2023","9.050","9.100","9.100","8.900","105,73M","0,00%"
"28/04/2023","9.050","9.100","9.125","9.050","145,78M","-1,09%"
"27/04/2023","9.150","9.100","9.175","9.075","66,13M","-0,54%"
"26/04/2023","9.200","9.125","9.200","9.000","186,93M","0,82%"
"18/04/2023","9.125","9.050","9.175","9.025","91,24M","1,11%"
"17/04/2023","9.025","9.025","9.050","8.900","83,95M","0,28%"
"14/04/2023","9.000","9.000","9.000","8.950","90,71M","0,84%"
"13/04/2023","8.925","8.950","8.950","8.875","68,71M","0,28%"
"12/04/2023","8.900","8.900","8.900","8.825","76,27M","0,85%"
"11/04/2023","8.825","8.825","8.825","8.750","44,55M","0,28%"
"10/04/2023","8.800","8.725","8.800","8.700","24,92M","0,57%"
"06/04/2023","8.750","8.700","8.775","8.700","45,50M","0,29%"
"05/04/2023","8.725","8.775","8.800","8.725","37,59M","-0,57%"
"04/04/2023","8.775","8.825","8.825","8.650","49,12M","-0,28%"
"03/04/2023","8.800","8.825","8.825","8.750","52,54M","0,57%"
"31/03/2023","8.750","8.825","8.850","8.725","97,16M","-0,85%"
"30/03/2023","8.825","8.900","8.900","8.800","118,98M","0,28%"
"29/03/2023","8.800","8.675","8.800","8.625","79,93M","1,44%"
"28/03/2023","8.675","8.800","8.800","8.675","86,87M","-0,29%"
"27/03/2023","8.700","8.825","8.825","8.700","113,51M","-1,42%"
"24/03/2023","8.825","8.700","8.825","8.625","173,08M","3,82%"
"21/03/2023","8.500","8.400","8.500","8.375","73,12M","1,19%"
"20/03/2023","8.400","8.400","8.475","8.375","37,33M","0,30%"
"17/03/2023","8.375","8.375","8.450","8.325","141,35M","0,90%"
"16/03/2023","8.300","8.300","8.350","8.250","95,93M","-0,30%"
"15/03/2023","8.325","8.450","8.475","8.325","69,99M","0,00%"
"14/03/2023","8.325","8.425","8.475","8.325","91,63M","-2,63%"
"13/03/2023","8.550","8.450","8.625","8.450","82,08M","1,18%"
"10/03/2023","8.450","8.500","8.550","8.450","59,64M","-1,46%"
"09/03/2023","8.575","8.650","8.650","8.550","54,20M","0,00%"
"08/03/2023","8.575","8.400","8.575","8.400","62,40M","1,78%"
"07/03/2023","8.425","8.350","8.475","8.350","94,24M","0,30%"
"06/03/2023","8.400","8.550","8.550","8.400","93,72M","-0,88%"
"03/03/2023","8.475","8.650","8.675","8.475","95,38M","-1,74%"
"02/03/2023","8.625","8.600","8.700","8.600","56,69M","0,29%"
"01/03/2023","8.600","8.725","8.750","8.600","67,03M","-1,71%"
"28/02/2023","8.750","8.775","8.775","8.675","106,35M","-0,28%"
"27/02/2023","8.775","8.675","8.775","8.650","48,20M","1,15%"
"24/02/2023","8.675","8.775","8.850","8.675","60,25M","-0,57%"
"23/02/2023","8.725","8.625","8.750","8.625","53,42M","0,58%"
"22/02/2023","8.675","8.700","8.750","8.625","51,05M","-0,29%"
"21/02/2023","8.700","8.775","8.800","8.700","25,39M","-0,57%"
"20/02/2023","8.750","8.725","8.825","8.700","40,08M","0,29%"
"17/02/2023","8.725","8.775","8.850","8.725","34,69M","0,29%"
"16/02/2023","8.700","8.825","8.850","8.700","66,07M","-1,97%"
"15/02/2023","8.875","8.875","8.900","8.750","49,53M","-0,84%"
"14/02/2023","8.950","8.850","8.950","8.825","58,46M","0,85%"
"13/02/2023","8.875","8.875","8.900","8.775","51,18M","0,57%"
"10/02/2023","8.825","8.875","8.900","8.700","62,06M","-0,84%"
"09/02/2023","8.900","8.825","8.900","8.800","58,54M","0,85%"
"08/02/2023","8.825","8.825","8.850","8.800","54,50M","-0,28%"
"07/02/2023","8.850","8.775","8.850","8.750","116,01M","1,43%"
"06/02/2023","8.725","8.750","8.750","8.650","118,11M","0,29%"
"03/02/2023","8.700","8.550","8.700","8.500","71,72M","2,96%"
"02/02/2023","8.450","8.425","8.525","8.400","81,19M","-0,59%"
"01/02/2023","8.500","8.575","8.575","8.450","77,41M","0,29%"
"31/01/2023","8.475","8.625","8.675","8.475","147,16M","-2,59%"
"30/01/2023","8.700","8.725","8.775","8.575","95,67M","0,00%"
"27/01/2023","8.700","8.700","8.850","8.550","183,31M","2,65%"
"26/01/2023","8.475","8.225","8.475","8.225","78,79M","3,35%"
"25/01/2023","8.200","8.300","8.300","8.200","56,21M","-0,30%"
"24/01/2023","8.225","8.300","8.350","8.225","38,53M","-0,90%"
"20/01/2023","8.300","8.275","8.325","8.250","82,11M","-0,30%"
"19/01/2023","8.325","8.350","8.350","8.250","55,01M","0,30%"
"18/01/2023","8.300","8.200","8.325","8.175","96,87M","-0,30%"
"17/01/2023","8.325","8.175","8.375","8.150","88,70M","2,15%"
"16/01/2023","8.150","8.050","8.200","8.050","94,59M","1,24%"
"13/01/2023","8.050","8.150","8.175","8.025","119,79M","-1,53%"
"12/01/2023","8.175","8.150","8.275","8.125","91,11M","0,62%"
"11/01/2023","8.125","8.050","8.150","8.000","119,32M","-0,61%"
"10/01/2023","8.175","8.400","8.425","8.150","89,32M","-3,25%"
"09/01/2023","8.450","8.325","8.450","8.325","86,93M","1,81%"
"06/01/2023","8.300","8.100","8.325","8.100","69,29M","0,61%"
"05/01/2023","8.250","8.350","8.375","8.150","128,84M","-1,20%"
"04/01/2023","8.350","8.525","8.575","8.350","90,99M","-2,34%"
"03/01/2023","8.550","8.550","8.600","8.525","27,43M","0,00%"
"02/01/2023","8.550","8.575","8.600","8.500","11,41M","0,00%"
"30/12/2022","8.550","8.575","8.650","8.550","44,68M","-0,29%"
"29/12/2022","8.575","8.525","8.600","8.500","47,02M","-0,87%"
"28/12/2022","8.650","8.650","8.650","8.550","48,37M","0,58%"
"27/12/2022","8.600","8.600","8.650","8.575","28,69M","0,29%"
"26/12/2022","8.575","8.500","8.625","8.500","20,52M","0,88%"
"23/12/2022","8.500","8.525","8.575","8.500","47,39M","-0,87%"
"22/12/2022","8.575","8.650","8.675","8.575","52,11M","-1,15%"
"21/12/2022","8.675","8.600","8.700","8.575","33,62M","1,17%"
"20/12/2022","8.575","8.550","8.650","8.550","41,30M","-0,87%"
"19/12/2022","8.650","8.650","8.700","8.600","54,73M","0,58%"
"16/12/2022","8.600","8.425","8.650","8.400","124,94M","1,18%"
"15/12/2022","8.500","8.575","8.600","8.500","80,59M","-1,45%"
"14/12/2022","8.625","8.600","8.700","8.525","118,24M","-0,86%"
"13/12/2022","8.700","8.625","8.700","8.550","83,50M","0,00%"
"12/12/2022","8.700","8.525","8.700","8.475","84,28M","1,46%"
"09/12/2022","8.575","8.500","8.600","8.450","75,50M","0,88%"
"08/12/2022","8.500","8.375","8.575","8.350","149,61M","0,59%"
"07/12/2022","8.450","8.500","8.575","8.450","195,09M","-2,59%"
"06/12/2022","8.675","8.725","8.750","8.575","180,91M","-1,14%"
"05/12/2022","8.775","8.800","8.900","8.775","138,65M","-1,40%"
"02/12/2022","8.900","8.900","8.975","8.900","137,81M","-1,11%"
"01/12/2022","9.000","9.275","9.350","9.000","132,77M","-3,23%"
"30/11/2022","9.300","8.875","9.400","8.850","387,66M","3,62%"
"29/11/2022","8.975","8.975","9.075","8.925","81,74M","-0,55%"
"28/11/2022","9.025","9.050","9.100","8.975","77,65M","0,56%"
"25/11/2022","8.975","9.000","9.000","8.900","60,47M","-0,28%"
"24/11/2022","9.000","8.975","9.000","8.950","61,19M","1,41%"
"23/11/2022","8.875","8.900","8.975","8.875","85,52M","-0,28%"
"22/11/2022","8.900","8.900","8.950","8.850","84,68M","2,01%"
"21/11/2022","8.725","8.875","8.900","8.725","48,65M","-1,13%"
"18/11/2022","8.825","8.725","8.900","8.725","83,90M","1,15%"
"17/11/2022","8.725","8.625","8.825","8.600","72,70M","1,45%"
"16/11/2022","8.600","8.625","8.675","8.550","143,59M","-2,27%"
"15/11/2022","8.800","8.775","8.850","8.750","47,67M","0,57%"
"14/11/2022","8.750","8.875","8.900","8.750","61,43M","-1,13%"
"11/11/2022","8.850","8.900","8.925","8.825","59,60M","0,57%"
"10/11/2022","8.800","8.725","8.800","8.725","74,78M","-0,85%"
"09/11/2022","8.875","8.675","8.875","8.675","68,17M","1,43%"
"08/11/2022","8.750","8.850","8.875","8.725","42,53M","-1,13%"
"07/11/2022","8.850","8.725","8.850","8.675","73,90M","0,85%"
"04/11/2022","8.775","8.775","8.800","8.675","69,15M","-0,28%"
"03/11/2022","8.800","8.700","8.825","8.700","72,14M","0,57%"
"02/11/2022","8.750","8.800","8.825","8.725","58,32M","-0,57%"
"01/11/2022","8.800","9.000","9.000","8.725","107,39M","0,00%"
"31/10/2022","8.800","8.850","8.850","8.775","105,57M","0,57%"
"28/10/2022","8.750","8.650","8.750","8.650","67,04M","0,57%"
"27/10/2022","8.700","8.550","8.700","8.550","77,02M","1,75%"
"26/10/2022","8.550","8.625","8.650","8.550","87,21M","-1,72%"
"25/10/2022","8.700","8.825","8.875","8.700","89,44M","-2,25%"
"24/10/2022","8.900","8.750","8.900","8.725","89,42M","2,89%"
"21/10/2022","8.650","8.450","8.725","8.450","122,78M","1,76%"
"20/10/2022","8.500","8.250","8.500","8.250","91,81M","2,72%"
"19/10/2022","8.275","8.250","8.350","8.225","66,75M","-0,30%"
"18/10/2022","8.300","8.275","8.475","8.250","85,67M","0,61%"
"17/10/2022","8.250","8.250","8.300","8.175","56,39M","0,00%"
"14/10/2022","8.250","8.300","8.350","8.250","71,18M","-0,30%"
"13/10/2022","8.275","8.275","8.375","8.275","62,28M","-0,60%"
"12/10/2022","8.325","8.200","8.325","8.175","47,57M","0,91%"
"11/10/2022","8.250","8.200","8.300","8.150","64,06M","-0,60%"
"10/10/2022","8.300","8.150","8.375","8.125","80,24M","1,22%"
"07/10/2022","8.200","8.325","8.375","8.200","112,04M","-2,67%"
"06/10/2022","8.425","8.475","8.500","8.425","43,97M","-0,30%"
"05/10/2022","8.450","8.525","8.550","8.425","63,79M","-1,17%"
"04/10/2022","8.550","8.525","8.625","8.525","80,52M","0,59%"
"03/10/2022","8.500","8.450","8.525","8.450","115,08M","-0,58%"
"30/09/2022","8.550","8.375","8.575","8.275","176,52M","2,09%"
"29/09/2022","8.375","8.325","8.450","8.325","62,64M","0,60%"
"28/09/2022","8.325","8.250","8.425","8.250","89,15M","0,30%"
"27/09/2022","8.300","8.375","8.450","8.300","89,57M","-1,48%"
"26/09/2022","8.425","8.200","8.500","8.200","106,23M","0,60%"
"23/09/2022","8.375","8.375","8.475","8.375","60,57M","-1,18%"
"22/09/2022","8.475","8.375","8.525","8.375","61,91M","0,00%"
"21/09/2022","8.475","8.525","8.600","8.425","90,93M","-0,88%"
"20/09/2022","8.550","8.550","8.650","8.550","89,24M","-1,16%"
"19/09/2022","8.650","8.475","8.750","8.450","102,53M","2,37%"
"16/09/2022","8.450","8.700","8.725","8.450","363,13M","-3,43%"
"15/09/2022","8.750","8.500","8.875","8.500","190,40M","2,94%"
"14/09/2022","8.500","8.375","8.650","8.375","116,64M","-0,29%"
"13/09/2022","8.525","8.375","8.575","8.375","124,49M","1,79%"
"12/09/2022","8.375","8.325","8.425","8.325","52,40M","0,00%"
"09/09/2022","8.375","8.500","8.500","8.275","91,23M","0,30%"
"08/09/2022","8.350","8.400","8.500","8.350","132,78M","-0,30%"
"07/09/2022","8.375","8.250","8.375","8.250","101,24M","1,21%"
"06/09/2022","8.275","8.300","8.350","8.250","67,12M","0,00%"
"05/09/2022","8.275","8.225","8.300","8.200","62,91M","0,61%"
"02/09/2022","8.225","8.150","8.225","8.150","61,35M","0,92%"
"01/09/2022","8.150","8.150","8.250","8.125","76,12M","-0,61%"
"31/08/2022","8.200","8.075","8.225","8.050","137,66M","0,31%"
"30/08/2022","8.175","8.100","8.275","8.075","109,60M","0,31%"
"29/08/2022","8.150","8.000","8.150","7.950","72,12M","1,88%"
"26/08/2022","8.000","8.025","8.125","8.000","80,47M","-0,93%"
"25/08/2022","8.075","8.000","8.100","7.900","99,50M","1,57%"
"24/08/2022","7.950","7.950","8.025","7.900","108,89M","0,63%"
"23/08/2022","7.900","8.000","8.000","7.900","71,67M","-1,25%"
"22/08/2022","8.000","7.850","8.000","7.825","97,29M","1,27%"
"19/08/2022","7.900","8.050","8.050","7.900","58,19M","-1,25%"
"18/08/2022","8.000","7.900","8.025","7.875","86,14M","0,31%"
"16/08/2022","7.975","7.950","7.975","7.850","83,56M","0,31%"
"15/08/2022","7.950","7.950","7.975","7.900","81,41M","0,32%"
"12/08/2022","7.925","7.925","7.975","7.850","61,08M","-0,31%"
"11/08/2022","7.950","7.850","7.950","7.825","73,20M","0,63%"
"10/08/2022","7.900","7.800","7.900","7.725","104,38M","0,00%"
"09/08/2022","7.900","7.875","7.975","7.875","92,88M","0,32%"
"08/08/2022","7.875","7.875","7.925","7.750","84,33M","0,00%"
"05/08/2022","7.875","7.825","7.875","7.725","118,73M","0,96%"
"04/08/2022","7.800","7.675","7.800","7.650","144,10M","2,30%"
"03/08/2022","7.625","7.625","7.625","7.575","65,10M","0,33%"
"02/08/2022","7.600","7.600","7.625","7.500","106,47M","1,33%"
"01/08/2022","7.500","7.350","7.500","7.350","104,84M","2,04%"
"29/07/2022","7.350","7.400","7.475","7.350","131,55M","0,00%"
"28/07/2022","7.350","7.375","7.450","7.325","86,91M","0,34%"
"27/07/2022","7.325","7.325","7.350","7.275","58,47M","0,34%"
"26/07/2022","7.300","7.250","7.375","7.250","44,38M","0,00%"
"25/07/2022","7.300","7.350","7.375","7.300","31,25M","-0,34%"
"22/07/2022","7.325","7.400","7.400","7.300","38,96M","-1,01%"
"21/07/2022","7.400","7.400","7.400","7.250","64,34M","0,00%"
"20/07/2022","7.400","7.200","7.400","7.175","105,79M","3,14%"
"19/07/2022","7.175","7.100","7.175","7.100","59,64M","0,35%"
"18/07/2022","7.150","7.025","7.150","7.025","60,08M","2,14%"
"15/07/2022","7.000","7.100","7.100","7.000","57,42M","-0,36%"
"14/07/2022","7.025","7.025","7.100","7.000","83,32M","0,36%"
"13/07/2022","7.000","7.100","7.125","7.000","71,99M","-2,44%"
"12/07/2022","7.175","7.175","7.250","7.150","34,27M","0,70%"
"11/07/2022","7.125","7.200","7.200","7.125","36,83M","-0,35%"
"08/07/2022","7.150","7.125","7.175","7.075","64,31M","0,70%"
"07/07/2022","7.100","7.225","7.250","7.100","86,13M","-2,74%"
"06/07/2022","7.300","7.300","7.325","7.175","66,80M","0,69%"
"05/07/2022","7.250","7.100","7.325","7.100","69,17M","2,84%"
"04/07/2022","7.050","7.250","7.275","7.000","102,24M","-2,76%"
"01/07/2022","7.250","7.300","7.325","7.250","68,74M","0,00%"
"30/06/2022","7.250","7.300","7.400","7.250","101,34M","-0,34%"
"29/06/2022","7.275","7.325","7.400","7.275","75,32M","-0,34%"
"28/06/2022","7.300","7.300","7.400","7.300","119,22M","-0,68%"
"27/06/2022","7.350","7.475","7.500","7.350","77,94M","-1,67%"
"24/06/2022","7.475","7.600","7.600","7.475","57,96M","-0,66%"
"23/06/2022","7.525","7.450","7.575","7.450","60,44M","0,33%"
"22/06/2022","7.500","7.625","7.650","7.500","53,04M","-1,96%"
"21/06/2022","7.650","7.600","7.650","7.550","44,30M","0,33%"
"20/06/2022","7.625","7.600","7.650","7.500","88,14M","1,67%"